timestamp,symbol,signal,entry_ltp,exit_ltp,pnl,smma20,smma120,smma_gap,smma20_slope,smma120_slope,smma_gap_change,ltp,return_1m,return_5m,return_20m,avg_ltp_20m,avg_ltp_60m,distance_from_avg_20m,distance_from_avg_60m,rolling_std_5m,rolling_std_20m,signal_buy,target
2026-08-11T12:17:00,SBIN,SELL,214.72,225.17,-10.45,220.142206767896,220.27735957763113,-0.135152809735132,-0.0012946623816900546,-0.00021196278171233833,-0.23867880292112886,214.72,-0.00162737713302643,-0.013733866152220886,-0.03574636249326391,214.72,214.72,0.0,0.0,0.0016184588457919644,0.002615686577616967,0.0,0
2026-08-11T12:34:00,SBIN,BUY,225.17,212.89,-12.28,220.32240257653856,220.19518541416252,0.12721716237604141,0.0011593578240238966,0.00018989108656641734,0.21333154191111703,225.17,0.0022700970355203015,0.01227297248696273,0.04216421364435798,225.17,225.17,0.0,0.0,0.0009308466559019661,0.002530295290655205,1.0,0
2026-08-11T12:50:00,SBIN,SELL,212.89,221.74,-8.85,220.2447743065116,220.29625890676536,-0.05148460025375812,-0.0017544763075443136,-0.0002824373501732335,-0.3248559147484684,212.89,-0.003463932968216117,-0.033240997229916996,-0.046960336646074,212.89,212.89,0.0,0.0,0.002059998430822825,0.0034656454746367425,0.0,0
2026-08-11T14:56:00,SBIN,BUY,221.74,217.26,-4.48,212.03153011234517,211.92737651222026,0.10415360012490282,0.00241570892281229,0.0003892423848644435,0.42851307844449593,221.74,0.00321223363344346,0.013575901631850797,0.051847635311417894,221.74,221.74,0.0,0.0,0.0007946592932746846,0.0031575106355016453,1.0,0
2026-08-12T11:12:00,SBIN,SELL,217.26,114.22,103.04,227.27574247856342,227.38296332134317,-0.10722084277975341,-0.0023140371412177117,-0.00037397307470861505,-0.4420774223102626,217.26,-0.0003220908296140505,-0.006357191859135672,-0.059032439689895605,217.26,217.26,0.0,0.0,0.0018313579336369614,0.0029475275288703326,0.0,1
2026-08-13T11:52:00,SBIN,BUY,114.22,109.79,-4.43,109.7605393029859,109.75069723142812,0.009842071557784493,0.0021429507169792063,0.0003423214949467178,0.19715129161511413,114.22,-0.001224204267226308,0.0025454226279293603,0.05827851385157039,114.22,114.22,0.0,0.0,0.0028374697346857554,0.0049648175632811325,1.0,0
2026-08-13T12:53:00,SBIN,SELL,109.79,111.84,-2.05,110.93038423314758,110.97770531427896,-0.04732108113138622,-0.0005407694754466142,-8.992634483714897e-05,-0.05003950587052941,109.79,-0.0029061847243664805,-0.010187522538766638,0.000546796682766812,109.79,109.79,0.0,0.0,0.0018603095837594632,0.005454558818911274,0.0,0
2026-08-13T13:01:00,SBIN,BUY,111.84,107.44,-4.4,111.00166429792398,110.9837088095546,0.0179554883693811,0.0003976559965633286,6.484006470748641e-05,0.03692720739874744,111.84,-0.0003575259206291745,0.012768269491985841,0.03469331112961421,111.84,111.84,0.0,0.0,0.0021910660990801423,0.0038055491597909913,1.0,0
2026-08-13T14:56:00,SBIN,SELL,107.44,59.9,47.54,121.52606908089615,121.94985682860134,-0.423787747705191,-0.006063528033221827,-0.0009988513446703743,-0.6194404869010128,107.44,-0.011500598031097617,-0.03119927862939592,-0.15040328957773205,107.44,107.44,0.0,0.0,0.0039016068149448032,0.003838691168276457,0.0,1
2026-08-14T13:26:00,SBIN,BUY,59.9,51.95,-7.95,46.963450497574954,46.706212492931975,0.2572380046429785,0.014711172847833943,0.002379468915605641,0.5699988625184886,59.9,0.0008354218880534195,0.03651150718117321,0.41140433553251654,59.9,59.9,0.0,0.0,0.0036548643471623764,0.009252710784074613,1.0,0
2026-08-11T11:38:00,RELIANCE,SELL,444.36,443.03,1.33,451.3617766163864,451.6505919631925,-0.288815346806075,-0.0008157844757287561,-0.00013562955603876474,-0.30724908007482554,444.36,0.00020257951245871168,0.00045028818443801474,-0.029654539896056216,444.36,444.36,0.0,0.0,0.0007137436927140425,0.001249960421532787,0.0,1
2026-08-11T14:25:00,RELIANCE,BUY,443.03,419.47,-23.56,430.3631986018828,430.13520016526087,0.22799843662193098,0.0015514990679469617,0.00025198348631008086,0.558314095318849,443.03,0.0015825288811520553,0.006886363636363574,0.0422028276365005,443.03,443.03,0.0,0.0,0.00040275047579292416,0.0010856098396519898,1.0,0
2026-08-12T10:27:00,RELIANCE,SELL,419.47,427.64,-8.17,439.61685476314324,440.4386560508485,-0.8218012877052843,-0.002406207399917004,-0.00039991205109849706,-0.8841535833029184,419.47,-0.003444835123063738,-0.01871476360914216,-0.06693211139781113,419.47,419.47,0.0,0.0,0.00042665371824893877,0.0007718523445064536,0.0,0
2026-08-12T13:00:00,RELIANCE,BUY,427.64,423.04,-4.6,424.86408525772157,424.8259838774677,0.038101380253863226,0.00034399479477581154,5.56663470630247e-05,0.12245358160242859,427.64,0.0,0.0038497652582159306,0.0068988250806432784,427.64,427.64,0.0,0.0,0.0008650093445433094,0.0013791347074402283,1.0,0
2026-08-12T13:08:00,RELIANCE,SELL,423.04,431.55,-8.51,424.78763960703066,424.82228573790627,-0.034646130875614745,-0.00021648727658578204,-3.5253948704072416e-05,-0.0770038408740561,423.04,-0.0011333585190781105,-0.0052671181339351775,-0.012696041822255408,423.04,423.04,0.0,0.0,0.0003156887704700054,0.001124295618985308,0.0,0
2026-08-13T10:00:00,RELIANCE,BUY,431.55,456.55,25.0,408.8168287690599,407.9521172223917,0.864711546668218,0.0029352869843055594,0.000486326622382234,0.9981811604190511,431.55,0.006882874475034971,0.03315776873354087,0.06708372484051232,431.55,431.55,0.0,0.0,0.00036758587209716236,0.002592591234423202,1.0,1
2026-08-13T13:36:00,RELIANCE,SELL,456.55,476.72,-20.17,464.1936462284005,464.4119178586496,-0.21827163024909169,-0.0008659076249638359,-0.0001422382520740478,-0.3362306332886078,456.55,-0.0005910424237117066,-0.0057276013763665565,-0.008082212614335,456.55,456.55,0.0,0.0,0.0004015533673141015,0.0007750211137070128,0.0,0
2026-08-13T14:05:00,RELIANCE,BUY,476.72,458.0,-18.72,464.41064987943565,463.8888372051687,0.5218126742669256,0.0013969653183554776,0.00023249097003575983,0.5400356352256495,476.72,0.001954643855482475,0.015291561954253113,0.046264594855587836,476.72,476.72,0.0,0.0,0.0006797319274783019,0.0014248318753338146,1.0,0
2026-08-13T14:53:00,RELIANCE,SELL,458.0,472.77,-14.77,465.9625156507912,466.08318661716237,-0.12067096637116492,-0.0008985769919053848,-0.0001457165629983456,-0.3511538331348447,458.0,0.0021223989672450984,0.001246092298275131,-0.03886510534709977,458.0,458.0,0.0,0.0,0.0009717928599582183,0.0018373817431742248,0.0,0
2026-08-13T15:16:00,RELIANCE,BUY,472.77,456.43,-16.34,466.14863961388056,465.9282920811621,0.2203475327184492,0.0007481591712110075,0.00012341049065874767,0.2909993080452864,472.77,0.0014404033129276344,0.011835459292868703,0.026243813493097106,472.77,472.77,0.0,0.0,0.0005174830910754367,0.0009089290601707893,1.0,0
2026-08-14T10:02:00,RELIANCE,SELL,456.43,465.5,-9.07,467.2583910491968,467.53146485177666,-0.2730738025798587,-0.0012182146967629893,-0.0001994967539910809,-0.47662569777560293,456.43,-0.0027965305542810353,-0.014402936730727739,-0.03396969183880801,456.43,456.43,0.0,0.0,0.000516990008569539,0.0012003892459689076,0.0,0
2026-08-12T14:53:00,INFY,BUY,227.01,206.36,-20.65,213.64508006438342,213.06490170892786,0.5801783554555584,0.00330333119438074,0.0005503026851906011,0.5862311387917032,227.01,0.00048479506390473876,0.011540860885839067,0.05921052631578946,227.01,227.01,0.0,0.0,0.0010769978715028273,0.0014447472466601605,1.0,0
2026-08-13T09:16:00,INFY,SELL,206.36,220.25,-13.89,214.4001678813707,214.5583568665776,-0.1581889852069196,-0.0019698359648070633,-0.0003209925812391266,-0.35427297541710345,206.36,0.0012129445441754403,-9.690861517580101e-05,-0.0799821667409719,206.36,206.36,0.0,0.0,0.0010803436240995504,0.002875441705553198,0.0,0
2026-08-13T09:31:00,INFY,BUY,220.25,205.95,-14.3,214.7456452512305,214.52218463277094,0.2234606184595691,0.001350873649445199,0.00022442296332466637,0.2415699792685757,220.25,0.0012273843076643796,0.01981756725471131,0.06720612462447914,220.25,220.25,0.0,0.0,0.001848587436375501,0.0026552036946902104,1.0,0
2026-08-13T10:36:00,INFY,SELL,205.95,73.62,132.33,217.1362090073682,217.57382762137658,-0.437618614008386,-0.0027040898343089446,-0.00044874602617858337,-0.49106861878402697,205.95,-0.0048801700811752,-0.031825874388868046,-0.05414714797464876,205.95,205.95,0.0,0.0,0.00104297539143969,0.0030323094812962624,0.0,1
2026-08-14T14:07:00,INFY,BUY,73.62,50.18,-23.44,63.85162315540858,63.700836857109685,0.15078629829889678,0.00811723091130491,0.001310242228874592,0.430770784958618,73.62,0.0031339419539447334,0.033263157894736904,0.059738016409961216,73.62,73.62,0.0,0.0,0.0021773570957507307,0.008171055316203083,1.0,0
2026-08-12T09:44:00,TCS,SELL,385.14,401.32,-16.18,394.4980672794944,394.7808539417194,-0.2827866622249644,-0.001246940712984968,-0.000205174481497691,-0.4115142774733158,385.14,-0.0006486935312281066,-0.006372384613400137,-0.03425275827482453,385.14,385.14,0.0,0.0,0.00047120411555524747,0.001659962949269674,0.0,0
2026-08-12T10:38:00,TCS,BUY,401.32,390.71,-10.61,393.6008697551085,393.3798054234648,0.22106433164367445,0.0010332543050066737,0.0001696468472039916,0.3395456887164414,401.32,0.0019473710490836688,0.014664239482200676,0.013587917361216334,401.32,401.32,0.0,0.0,0.000890030794651727,0.0022806224730421605,1.0,0
2026-08-12T11:25:00,TCS,SELL,390.71,400.06,-9.35,395.3555976830347,395.4630443898244,-0.1074467067896876,-0.0006180613692129995,-0.00010098924891678667,-0.20456359171799932,390.71,0.0015893768104796448,0.005352134420914454,-0.02796367707426299,390.71,390.71,0.0,0.0,0.0010543084398413707,0.0024189501838363875,0.0,0
2026-08-12T11:41:00,TCS,BUY,400.06,394.38,-5.68,395.65320415046057,395.46044903240755,0.19275511805301448,0.0005865557639593986,9.774799736111553e-05,0.19328493485670606,400.06,0.0007254171148410848,0.01304094603833779,0.030392005357234873,400.06,400.06,0.0,0.0,0.001221997090836865,0.001425669285295579,1.0,0
2026-08-12T12:10:00,TCS,SELL,394.38,397.45,-3.07,395.62093282412036,395.6490458271285,-0.02811300300811581,-0.00016506071341500757,-2.69530871517848e-05,-0.05464800325290753,394.38,0.0004820010654760337,0.0034859163888959683,-0.01043809906157481,394.38,394.38,0.0,0.0,0.0003927519336689717,0.0011358850915542738,0.0,0
2026-08-12T12:13:00,TCS,BUY,397.45,382.22,-15.23,395.6633510300802,395.65471889293866,0.008632137141546536,0.00023771852947226173,3.8131659769425506e-05,0.07894776045390017,397.45,0.0048542462012995625,0.008986824401512944,0.0011082844260849795,397.45,397.45,0.0,0.0,0.0016638702749370302,0.001639667452778903,1.0,0
2026-08-12T12:47:00,TCS,SELL,382.22,409.66,-27.44,396.27108158428416,396.8293112257062,-0.5582296414220309,-0.0018627477124914156,-0.00030927491719867525,-0.616763288474715,382.22,0.00041878239020055755,-0.006782215523737642,-0.07486385090160946,382.22,382.22,0.0,0.0,0.0019376561486946747,0.0022535687911120514,0.0,0
2026-08-12T13:41:00,TCS,BUY,409.66,444.84,35.18,393.4282394244718,393.19171660967294,0.2365228147988887,0.002176158703698229,0.00035208692131484857,0.7159142521325066,409.66,0.005004661204062657,0.022590549412146506,0.0525423293337788,409.66,409.66,0.0,0.0,0.0006113509081211157,0.0013938769800063127,1.0,1
2026-08-11T13:33:00,TATAMOTORS,SELL,374.01,398.0,-23.99,389.5895334476609,390.268334557549,-0.6788011098880702,-0.0021002957815762593,-0.00034995626188053365,-0.6833507844662563,374.01,-0.0013350778350377827,-0.00748348061460073,-0.05285149918962724,374.01,374.01,0.0,0.0,0.0008556660492329301,0.0014219155680262744,0.0,0
2026-08-11T14:20:00,TATAMOTORS,BUY,398.0,407.29,9.29,389.10059330278636,388.73687285698645,0.36372044579991325,0.0012052264891561186,0.00020028199080366762,0.3905484216060131,398.0,0.0019888723848846216,0.008156441562389248,0.03476067909419443,398.0,398.0,0.0,0.0,0.00078368746538633,0.001299201189560815,1.0,1
2026-08-12T13:09:00,TATAMOTORS,SELL,407.29,436.35,-29.06,425.8755067696584,426.5959009626929,-0.7203941930345081,-0.0022916155738548108,-0.0003801555223075501,-0.8159501049527762,407.29,-0.0018380550926379766,-0.010855838352438241,-0.05772256153988522,407.29,407.29,0.0,0.0,0.0007779096186154927,0.0014081619097879377,0.0,0
2026-08-12T14:24:00,TATAMOTORS,BUY,436.35,469.66,33.31,416.2884238472334,415.6861986726402,0.6022251745931726,0.0025428459919311698,0.00041790648184611325,0.8822270397874377,436.35,0.0022509589544525764,0.01175570395102961,0.06082707315294299,436.35,436.35,0.0,0.0,0.0003791915908549451,0.0009344148113964854,1.0,1
2026-08-13T12:51:00,TATAMOTORS,SELL,469.66,498.51,-28.85,483.470347476196,483.7048172033619,-0.23446972716590153,-0.0015011660159751168,-0.0002439398556789595,-0.6088367195062006,469.66,-0.0040291797438289445,-0.014106385658507851,-0.037641128619142164,469.66,469.66,0.0,0.0,0.0006837631927200082,0.0007889405633398911,0.0,0
2026-08-13T14:04:00,TATAMOTORS,BUY,498.51,484.12,-14.39,478.6482124858006,477.94313267203773,0.7050798137628931,0.0021887583503791114,0.00036174458146800206,0.8725264197073557,498.51,0.0032804701336338663,0.019156069836856533,0.07363456237077877,498.51,498.51,0.0,0.0,0.0004744588806768849,0.0006516123818485703,1.0,0
2026-08-11T12:40:00,HDFCBANK,BUY,122.43,199.18,76.75,113.12238988000652,112.72597612112114,0.3964137588853873,0.004349314351699044,0.0007239276666055178,0.40832779769151273,122.43,0.011233170892872006,0.02417600803078468,0.04231227651966638,122.43,122.43,0.0,0.0,0.0033305115597424013,0.005646594883118475,1.0,1
2026-08-12T12:30:00,HDFCBANK,SELL,199.18,219.39,-20.21,225.66382397329298,226.2019864641825,-0.5381624908895333,-0.0061389039627069535,-0.0010028549980262158,-1.1668099557728624,199.18,-0.00762293856808331,-0.046209835751568284,-0.16507377598926892,199.18,199.18,0.0,0.0,0.0016096703853589896,0.004814206396775546,0.0,0
2026-08-12T13:59:00,HDFCBANK,BUY,219.39,225.69,6.3,210.82445445212937,210.46807111251272,0.3563833396166558,0.0021429405068668812,0.0003563529100019881,0.37584399439816707,219.39,0.0048090134652376245,0.008457825787175247,0.015412385448486457,219.39,219.39,0.0,0.0,0.0023846842130401972,0.0017495142309581495,1.0,1
2026-08-13T12:33:00,HDFCBANK,SELL,225.69,236.79,-11.1,257.4318579059662,258.1602410908703,-0.7283831849040894,-0.006447734839813336,-0.0010558212882043764,-1.3977649314831524,225.69,-0.00852260246891885,-0.046232514896674126,-0.18638018674068998,225.69,225.69,0.0,0.0,0.0018295092715909487,0.0023684601817243055,0.0,0
2026-08-13T15:06:00,HDFCBANK,BUY,236.79,218.7,-18.09,226.85204780019544,226.60605162474295,0.24599617545248975,0.0023110167991310156,0.0003777998397680576,0.4374707176677646,236.79,0.0031774275546517542,0.022497625010795316,0.06575749392384546,236.79,236.79,0.0,0.0,0.0010080053671375857,0.002103158384767667,1.0,0
2026-08-14T11:32:00,HDFCBANK,SELL,218.7,236.18,-17.48,234.36808324039254,234.57849939032985,-0.21041614993731628,-0.0035062138097819513,-0.0005684958866767949,-0.6912031920346919,218.7,-0.0030996444525481213,-0.030885806708911237,-0.11704146311922164,218.7,218.7,0.0,0.0,0.0017717745354279997,0.0016608647142601473,0.0,0
2026-08-11T15:11:00,ICICIBANK,SELL,465.68,500.0,-34.32,481.272602806123,481.7622061212352,-0.4896033151121628,-0.0017022915756621506,-0.00028044268982767973,-0.6855187163313303,465.68,-0.0015865528922430622,-0.008600868602571789,-0.04522901545905606,465.68,465.68,0.0,0.0,0.00040960822036973185,0.0006149060026587403,0.0,0
2026-08-12T09:49:00,ICICIBANK,BUY,500.0,474.81,-25.19,476.825195329267,476.8223382375451,0.0028570917218644354,0.0025645764014824365,0.0004086424705576523,1.0249562947061008,500.0,0.0,0.004177377892030816,0.0912265386294195,500.0,500.0,0.0,0.0,0.0016709511568123265,0.0028242027080455237,1.0,0
2026-08-12T12:15:00,ICICIBANK,SELL,474.81,454.11,20.7,489.6222338637482,490.1439552283437,-0.5217213645955212,-0.0015896989286211557,-0.00026282666195673326,-0.6507344893619234,474.81,-0.004445096764724392,-0.01866319444444439,-0.040962249288008186,474.81,474.81,0.0,0.0,0.0004964319158334708,0.0013282330938961665,0.0,1
2026-08-13T10:30:00,ICICIBANK,BUY,454.11,481.91,27.8,430.5002709108573,430.3829767342231,0.11729417663417507,0.002894805276243079,0.0004634922269814229,1.0432305703485554,454.11,0.0013009349091551241,0.009604482091642752,0.06448663853727142,454.11,454.11,0.0,0.0,0.0006983747669338264,0.0017524605894539344,1.0,1
2026-08-14T10:34:00,ICICIBANK,SELL,481.91,498.9,-16.99,490.56747598610684,490.76596141844516,-0.19848543233831606,-0.0009279738582156099,-0.00015161719918210817,-0.3812367869952027,481.91,0.0009762379528082986,-0.0011606939291562215,-0.027387583757164755,481.91,481.91,0.0,0.0,0.0007209555054339489,0.001290508934932949,0.0,0
2026-08-14T11:04:00,ICICIBANK,BUY,498.9,488.51,-10.39,490.53159083900675,490.35970758056396,0.17188325844279007,0.0008986952508568993,0.0001463775819724615,0.36867542423215127,498.9,0.0016463218760038411,0.009939472458956594,0.027685082190087747,498.9,498.9,0.0,0.0,0.0003129349080832866,0.0010775462506338823,1.0,0
2026-08-12T11:50:00,PNB,SELL,445.23,439.52,5.71,463.6417499218196,463.7001216553452,-0.058371733525575564,-0.002085701605937376,-0.0003346110206889326,-0.8138283632220578,445.23,-0.0013906022204777492,-0.011039537983118549,-0.05290363752393108,445.23,445.23,0.0,0.0,0.000719068510287844,0.0007685358080686482,0.0,1
2026-08-12T15:26:00,PNB,BUY,439.52,405.49,-34.03,415.81593180487096,415.266800198154,0.5491316067169691,0.003009353074801017,0.0004910300501956342,1.0437741348895315,439.52,-0.0009092562284052421,0.005605509414967828,0.06835196888672826,439.52,439.52,0.0,0.0,0.0016466171393909764,0.0016883834448789639,1.0,0
2026-08-13T10:10:00,PNB,SELL,405.49,400.67,4.82,419.7531988171657,419.75456576893356,-0.0013669517678636112,-0.001785226453800751,-0.0002854908284043478,-0.6308243740083981,405.49,-0.003881396320043197,-0.015777081968008932,-0.04496208017334772,405.49,405.49,0.0,0.0,0.0006948621464993287,0.0008269952925469842,0.0,1
2026-08-13T13:37:00,PNB,BUY,400.67,369.92,-30.75,388.4780568073131,388.14323741067096,0.3348193966421604,0.0016545153086714348,0.00027127992752923975,0.5364143081524162,400.67,0.0034310042574505497,0.01938684645719375,0.031219436866217108,400.67,400.67,0.0,0.0,0.0009346702848236654,0.0017875089289780917,1.0,0
2026-08-13T10:00:00,FEDERALBNK,BUY,139.2,273.91,134.71,133.25022827307043,133.08579093219646,0.16443734087397388,0.00235559465221043,0.00038621517348261236,0.261765972231899,139.2,0.0031709426347650456,0.022401762761659807,0.021726365237815466,139.2,139.2,0.0,0.0,0.0011823576511779208,0.0031215753016849567,1.0,1
2026-08-14T11:04:00,FEDERALBNK,SELL,273.91,266.85,7.06,285.0273615185622,285.4459184479629,-0.4185569294007223,-0.002048664955221648,-0.0003394954141717753,-0.4881837992913347,273.91,-0.007428612842440769,-0.01803255180325508,-0.013114754098360605,273.91,273.91,0.0,0.0,0.0019359475622170803,0.0031769211033281734,0.0,1
2026-08-14T14:07:00,FEDERALBNK,BUY,266.85,248.78,-18.07,259.784168304954,259.73705621475307,0.047112090200926104,0.0014335708209666982,0.00023018046102169645,0.31211324183584566,266.85,0.0010879351740697046,0.01071888493295978,0.0420164785817488,266.85,266.85,0.0,0.0,0.0009506840421921164,0.0009969545152372446,1.0,0
2026-08-11T11:19:00,IDFCFIRSTB,BUY,365.5,362.03,-3.47,353.98083074870755,353.74920842265135,0.23162232605619693,0.001715664161328576,0.00027921962005539194,0.5075259181486445,365.5,0.0012052813236180292,0.00788660930950809,0.02899774774774778,365.5,365.5,0.0,0.0,0.0007122226245828644,0.0008758103789885069,1.0,0
2026-08-11T13:53:00,IDFCFIRSTB,SELL,362.03,358.61,3.42,381.4472966023353,381.9685991886609,-0.5213025863255893,-0.0026720133800786266,-0.0004384595738778402,-0.8544117253840113,362.03,-0.002094875823479279,-0.01081996775868203,-0.07795945395273027,362.03,362.03,0.0,0.0,0.0012003000451172344,0.002453602028931305,0.0,1
2026-08-12T12:25:00,IDFCFIRSTB,BUY,358.61,323.83,-34.78,335.255285257688,335.0491586284066,0.2061266292814139,0.0036799386350085594,0.0005912784016664717,1.0312052491263444,358.61,0.002936570086139421,0.02603645103144409,0.09086207945488838,358.61,358.61,0.0,0.0,0.0014322648470628209,0.001623709644358958,1.0,0
2026-08-12T13:11:00,IDFCFIRSTB,SELL,323.83,344.85,-21.02,337.7157365721988,337.92036546890506,-0.20462889670625373,-0.002159360787266919,-0.00035027470915768605,-0.6124218081302502,323.83,-0.0017878610400420482,-0.015594601167315163,-0.06361507098863604,323.83,323.83,0.0,0.0,0.0008862369974224463,0.000720971311603425,0.0,0
2026-08-12T14:22:00,IDFCFIRSTB,BUY,344.85,400.76,55.91,331.8545977076414,331.6065807599036,0.248016947737824,0.0020653055599335647,0.0003357189081044273,0.5726793043913858,344.85,0.001801121343287931,0.01025340559542991,0.04938835128720108,344.85,344.85,0.0,0.0,0.0004985835628686533,0.0009478064456560939,1.0,1
2026-08-13T12:24:00,IDFCFIRSTB,SELL,400.76,435.04,-34.28,420.08984931090697,420.80670334526934,-0.7168540343623704,-0.0024159180046541343,-0.00040016539399054653,-0.8489007980707584,400.76,-0.001619291995715189,-0.005434917483558749,-0.07807683459857373,400.76,400.76,0.0,0.0,0.0005340509109039627,0.002244531195139243,0.0,0
2026-08-13T13:21:00,IDFCFIRSTB,BUY,435.04,477.01,41.97,416.3751570354417,415.7513530182921,0.6238040171496095,0.0023648945369523326,0.0003900232384512929,0.8202706855949486,435.04,0.002719771354814933,0.01566549156024569,0.0683168803103973,435.04,435.04,0.0,0.0,0.0008758391760173997,0.0008916980448217492,1.0,1
2026-08-14T12:40:00,IDFCFIRSTB,SELL,477.01,497.39,-20.38,489.608161942057,489.6191184385118,-0.010956496454809894,-0.0013524374338285082,-0.00021636420792198597,-0.5571021763702788,477.01,-0.0038009314370444484,-0.01643366736772656,-0.02993512700058981,477.01,477.01,0.0,0.0,0.00046757705807521906,0.0011412082608280609,0.0,0
2026-08-14T14:13:00,IDFCFIRSTB,BUY,497.39,465.07,-32.32,475.0616075726283,474.4963849219674,0.5652226506609281,0.002479873819619108,0.00040561184247593955,0.9827952288254664,497.39,0.0003821399839098908,0.00919125106521116,0.06332171793830302,497.39,497.39,0.0,0.0,0.0010718905201190243,0.0010330156075208645,1.0,0
2026-08-12T14:09:00,CANBK,BUY,77.69,47.09,-30.6,60.37451693348693,60.0590950429466,0.3154218905403283,0.015326144340601686,0.0024729853118255723,0.7631823488416813,77.69,0.018351028968409903,0.07574079202436997,0.3743145232619847,77.69,77.69,0.0,0.0,0.002806811030858758,0.007391665914911131,1.0,0
2026-08-12T14:59:00,CANBK,SELL,47.09,63.47,-16.38,61.61575420737638,61.85378611226822,-0.2380319048918338,-0.01225569252765518,-0.0020017704136003683,-0.6404479498207394,47.09,-0.03305954825462011,-0.19075442515896193,-0.26753771970757506,47.09,47.09,0.0,0.0,0.008122078275727017,0.019406716884478693,0.0,0
2026-08-13T10:34:00,CANBK,BUY,63.47,79.9,16.43,49.47508855481372,49.31539406428723,0.15969449052649054,0.015112776777214246,0.0024177816427063898,0.6176280182214171,63.47,0.008420718144264398,0.08347558893820417,0.5629155380448165,63.47,63.47,0.0,0.0,0.0062877042518311435,0.008076114878300433,1.0,1
2026-08-11T11:59:00,BANKBARODA,SELL,143.2,163.76,-20.56,169.15307674962258,169.33978143199846,-0.18670468237587556,-0.008010551213165764,-0.0012954868473077125,-1.146289379034556,143.2,-0.0064525081523624985,-0.04271675914165395,-0.20752628666297732,143.2,143.2,0.0,0.0,0.0019384875607364376,0.003045555623170953,0.0,0
2026-08-11T14:10:00,BANKBARODA,BUY,163.76,183.17,19.41,149.99369708193663,149.5179475282181,0.47574955371854344,0.004853931542013146,0.0008010876972010571,0.6048611456372157,163.76,0.004909180166912021,0.030131471346794943,0.15437755533624684,163.76,163.76,0.0,0.0,0.0019422401911445108,0.0023150700915561015,1.0,1
2026-08-12T13:00:00,BANKBARODA,SELL,183.17,185.81,-2.64,202.0961567594855,202.41627119003016,-0.32011443054466326,-0.004904733756323811,-0.0007983757747786914,-0.8343801423123125,183.17,0.0013667176907937897,-0.009784841604497796,-0.12342075038284848,183.17,183.17,0.0,0.0,0.0027682546204702892,0.0038693289133638303,0.0,0
2026-08-13T09:40:00,BANKBARODA,BUY,185.81,161.67,-24.14,159.85351923133464,159.1325575620701,0.7209616692645398,0.008619806145353695,0.0014107512282192478,1.1419503782178424,185.81,0.010056534029136737,0.05036743923120405,0.20242024202420242,185.81,185.81,0.0,0.0,0.00042150420521114377,0.004151503846899734,1.0,0
2026-08-13T12:25:00,BANKBARODA,SELL,161.67,172.1,-10.43,182.13228564997016,182.4862477582832,-0.3539621083130555,-0.005878318993595868,-0.0009576553556430179,-0.9020359508797355,161.67,-0.011978243598362208,-0.06565335490955333,-0.16686421025508902,161.67,161.67,0.0,0.0,0.0016614914123792843,0.006202739302153528,0.0,0
2026-08-13T14:33:00,BANKBARODA,BUY,172.1,182.21,10.11,153.20002458541285,152.915592119893,0.284432465519842,0.0065354860821724885,0.0010553773519706025,0.8335220365386249,172.1,0.01009508158234534,0.04926228508718439,0.17997943092218033,172.1,172.1,0.0,0.0,0.001254224875061861,0.0031640478455935987,1.0,1
2026-08-14T12:42:00,BANKBARODA,SELL,182.21,199.5,-17.29,195.7639049201578,196.3306093540869,-0.5667044339290896,-0.0036307681946535844,-0.0006040265909136134,-0.5947028340429767,182.21,-0.008273009307135372,-0.043567266810141114,-0.07144677164551792,182.21,182.21,0.0,0.0,0.0009837308696713809,0.005348498312767521,0.0,0
2026-08-11T11:19:00,SAIL,BUY,51.39,33.3,-18.09,36.77063183503148,36.62163766595354,0.1489941690779375,0.02137263795169812,0.0034003361954656037,0.6453365445751231,51.39,0.04493696624644166,0.226491646778043,0.713,51.39,51.39,0.0,0.0,0.005252795195141364,0.019176669826884797,1.0,0
2026-08-11T12:44:00,SAIL,SELL,33.3,59.7,-26.4,46.226221870157346,46.691554886017045,-0.46533301585969866,-0.014503890745884178,-0.002404364173543202,-0.5677933921779754,33.3,-0.03422273781902552,-0.13281250000000006,-0.19526341227646218,33.3,33.3,0.0,0.0,0.015134264506282451,0.021507396983318345,0.0,0
2026-08-11T13:54:00,SAIL,BUY,59.7,42.45,-17.25,42.464498446268735,42.009762652080596,0.4547357941881387,0.02182842010668984,0.003551207165013518,0.7584742040174959,59.7,0.019293153491548618,0.15630447414294016,0.6869172082509184,59.7,59.7,0.0,0.0,0.006535350916215082,0.009947170253128256,1.0,0
2026-08-11T15:13:00,SAIL,SELL,42.45,49.51,-7.06,47.26894980663476,47.43992534112989,-0.1709755344951347,-0.005337019662979713,-0.0008831193205824773,-0.2116967914675172,42.45,0.004258339247693393,0.017985611510791366,-0.13438009787928215,42.45,42.45,0.0,0.0,0.005052887307805081,0.009332610008768968,0.0,0
2026-08-11T15:28:00,SAIL,BUY,49.51,41.78,-7.73,47.46710736724951,47.42629147259556,0.04081589465395297,0.0022703041214721807,0.00036934414271126215,0.09001050918912767,49.51,0.007119609438567971,0.020614306328592045,0.18729016786570732,49.51,49.51,0.0,0.0,0.004749064071368182,0.009179694639178136,1.0,0
2026-08-12T09:58:00,SAIL,SELL,41.78,57.08,-15.3,48.35284329642342,48.55299382195383,-0.2001505255304039,-0.007103650311010384,-0.0011708706059899326,-0.2890232063941909,41.78,-0.013692162417374842,-0.049374288964732685,-0.15766129032258064,41.78,41.78,0.0,0.0,0.0073856846373700725,0.010283230750216083,0.0,0
2026-08-12T10:38:00,SAIL,BUY,57.08,58.64,1.56,47.79601076542143,47.67706297978312,0.11894778563830499,0.010328853867973598,0.0016600739516690309,0.40961473486542843,57.08,0.0359346642468239,0.09917196225688424,0.2815446789402784,57.08,57.08,0.0,0.0,0.01053291922066228,0.013269185812884842,1.0,1
2026-08-12T12:58:00,SAIL,SELL,58.64,76.2,-17.56,69.98358944357969,70.06570770897198,-0.08211826539229605,-0.008458852010603563,-0.0013684719769874749,-0.5010166728507386,58.64,-0.004583262603972094,-0.05082550987374556,-0.1710489115069267,58.64,58.64,0.0,0.0,0.005318971247103474,0.004885243761505101,0.0,0
2026-08-12T14:14:00,SAIL,BUY,76.2,69.43,-6.77,65.8716555667002,65.67940114527528,0.19225442142492,0.008321035218114333,0.0013478739995913466,0.4551886816996529,76.2,0.008870647424864314,0.052486187845303824,0.3541851786031633,76.2,76.2,0.0,0.0,0.0027239893092954244,0.011403468407088798,1.0,0
2026-08-13T09:33:00,SAIL,SELL,69.43,80.86,-11.43,74.88053678555042,74.92441111981627,-0.04387433426585119,-0.003816419483376475,-0.0006158618539199473,-0.24069883511897672,69.43,-0.011672597864768586,-0.006581771354986317,-0.03569444444444435,69.43,69.43,0.0,0.0,0.0057362250505601136,0.007862624046806196,0.0,0
2026-08-13T10:40:00,SAIL,BUY,80.86,97.08,16.22,72.56455323121621,72.52420059864039,0.04035263257581789,0.006053166031417685,0.0009668008342231785,0.36655372704970546,80.86,0.01100275068767186,0.06562994201370591,0.14743862636582944,80.86,80.86,0.0,0.0,0.0030372072393765924,0.0072362246458393545,1.0,1
2026-08-13T13:53:00,SAIL,SELL,97.08,98.62,-1.54,115.83201822764525,116.16983922337424,-0.3378209957289897,-0.008448528153196818,-0.0013789947663268602,-0.8265295107676565,97.08,-0.021962522667741353,-0.05591753379363999,-0.1892433606146651,97.08,97.08,0.0,0.0,0.007007606816684947,0.007165301499584393,0.0,0
2026-08-14T10:21:00,SAIL,BUY,98.62,151.36,52.74,83.86438989849512,83.4635085462491,0.4008813522460173,0.00934687470060508,0.0015283341621829753,0.6492455835726645,98.62,0.011383447851502403,0.06134309083082224,0.31195955833444194,98.62,98.62,0.0,0.0,0.0013698475134147554,0.0055241040610187605,1.0,1
2026-08-11T11:32:00,NMDC,BUY,433.28,476.87,43.59,430.55448083108774,430.4986373515745,0.05584347951327118,0.0003332822964442401,5.42953272565631e-05,0.12007558194619605,433.28,0.00011541213674019463,-0.0007610525587510457,0.014826092048249173,433.28,433.28,0.0,0.0,0.0008009703828278299,0.0012714714218014503,1.0,1
2026-08-12T10:42:00,NMDC,SELL,476.87,491.21,-14.34,485.54218549154064,485.8250598775434,-0.28287438600278847,-0.000939160730153202,-0.00015487251619297968,-0.3811782113312461,476.87,-0.004176498841021572,-0.011320050587771815,-0.014405588624338564,476.87,476.87,0.0,0.0,0.0012007107109668323,0.0019511304205804651,0.0,0
2026-08-12T11:37:00,NMDC,BUY,491.21,473.13,-18.08,484.47767642618726,484.40493045298115,0.07274597320611065,0.0007319060821042551,0.00011806694460593053,0.29714736129596986,491.21,0.00036657638026191237,0.003985610922617808,0.021417728888981212,491.21,491.21,0.0,0.0,0.0005676120694300686,0.00203326159334289,1.0,0
2026-08-12T12:08:00,NMDC,SELL,473.13,487.11,-13.98,484.8190454672475,484.92065580376783,-0.10161033652030937,-0.001267345492618605,-0.00020428269957063676,-0.5161317781207231,473.13,-0.004104571861581184,-0.019663503377398386,-0.03233525585961468,473.13,473.13,0.0,0.0,0.00041022224228850015,0.0017131638347892496,0.0,0
2026-08-12T13:12:00,NMDC,BUY,487.11,477.56,-9.55,480.22204507550833,480.1657005618427,0.05634451366563553,0.0007554793172365865,0.00012154668754509256,0.3041684859308589,487.11,-0.001066382298053815,-0.0021918144946535974,0.019229159691998655,487.11,487.11,0.0,0.0,0.0006079907359152791,0.0011378318442267494,1.0,0
2026-08-12T13:23:00,NMDC,SELL,477.56,500.0,-22.44,480.1759476426861,480.19509956709567,-0.019151924409584353,-0.0002866490695609242,-4.6111825745315996e-05,-0.11553776103710334,477.56,-0.0008159849356626977,-0.004336585772662797,-0.01831562069603475,477.56,477.56,0.0,0.0,0.0013880907955296366,0.001509352478805451,0.0,0
2026-08-12T14:07:00,NMDC,BUY,500.0,475.77,-24.23,478.84984954665515,478.39698910754316,0.45286043911198703,0.0023300823471100766,0.00037961530980108006,0.9316279066746347,500.0,0.0005803365952252716,0.022662194224003895,0.07788820143574707,500.0,500.0,0.0,0.0,0.0021083399290840257,0.0015336445030917167,1.0,0
2026-08-13T10:50:00,NMDC,SELL,475.77,457.13,18.64,492.73956493576026,493.0937617457914,-0.3541968100311692,-0.0018093108433482486,-0.0002951464291592337,-0.7475571668223324,475.77,-0.0037064957909285893,-0.021170225898037322,-0.04846000000000004,475.77,475.77,0.0,0.0,0.0005201712104500382,0.0017755893967274865,0.0,1
2026-08-14T10:21:00,NMDC,BUY,457.13,446.35,-10.78,451.4067001464744,451.3921754808898,0.014524665584588092,0.0006677513919687012,0.00010682986192898926,0.253009295314655,457.13,-0.00026243849097868684,-0.002792260203747801,0.0176762617155324,457.13,457.13,0.0,0.0,0.00043828725214988825,0.0013752482199215937,1.0,0
2026-08-14T10:38:00,NMDC,SELL,446.35,452.97,-6.62,451.31685505112046,451.4626698875578,-0.14581483643735282,-0.0005788884053832342,-9.515631547595044e-05,-0.2184498112426354,446.35,-0.002502961092363744,-0.008287415570565147,-0.02424361664917798,446.35,446.35,0.0,0.0,0.0007500855166893786,0.0009388660793434041,0.0,0
2026-08-14T11:45:00,NMDC,BUY,452.97,438.95,-14.02,450.0077929418051,449.9376577119934,0.07013522981173992,0.0003465710360249889,5.663742689048472e-05,0.13042376667533517,452.97,0.0013706200950591456,0.00037544169611310933,0.009268955682805698,452.97,452.97,0.0,0.0,0.0007189562994859162,0.0010181912842731258,1.0,0
2026-08-14T12:40:00,NMDC,SELL,438.95,452.3,-13.35,450.53879515465024,450.7696666331262,-0.23087147847593315,-0.0013519634306231668,-0.00022029665279460953,-0.5106116573966801,438.95,-0.0027263432920594994,-0.017217445817660753,-0.0363548549976949,438.95,438.95,0.0,0.0,0.0006752354806172842,0.0020088772337315277,0.0,0
2026-08-11T12:38:00,BHEL,BUY,122.85,94.47,-28.38,101.87490913068785,101.73804357053147,0.13686556015638018,0.010955062689730436,0.0017468520505718964,0.9265407524494549,122.85,0.019755955839628084,0.08218816067653276,0.298900401776274,122.85,122.85,0.0,0.0,0.0026833751263054153,0.005378160768875055,1.0,0
2026-08-11T13:32:00,BHEL,SELL,94.47,71.14,23.33,105.66771030276212,106.02558245806904,-0.3578721553069215,-0.005546484671669973,-0.0009150327474286388,-0.49224743888781575,94.47,-0.010474494605635279,-0.016859194505151467,-0.12978997789240976,94.47,94.47,0.0,0.0,0.004619539290562224,0.004708579323165616,0.0,1
2026-08-12T10:53:00,BHEL,BUY,71.14,59.49,-11.65,58.12724369041948,57.7132467712586,0.4139969191608799,0.011922941359216713,0.0019588375416979584,0.5720520519655068,71.14,0.0215393452039058,0.05517650548798574,0.3949019607843137,71.14,71.14,0.0,0.0,0.005573586135368532,0.009770732575592044,1.0,0
2026-08-12T12:28:00,BHEL,SELL,59.49,74.56,-15.07,73.95800993166573,74.14526228402416,-0.18725235235842774,-0.01019110631863216,-0.001658221241564213,-0.6383207423581325,59.49,0.0035425101214575042,-0.007838559039359554,-0.2442835365853658,59.49,59.49,0.0,0.0,0.009327154718412521,0.010228244575994224,0.0,0
2026-08-12T13:43:00,BHEL,BUY,74.56,65.08,-9.48,71.7441636532675,71.66793306469252,0.07623058857498677,0.002069975867124129,0.00033922183306958593,0.12389882949594266,74.56,0.013043478260869674,0.02011219045012996,0.0451359686010653,74.56,74.56,0.0,0.0,0.005897661861965506,0.0045443533237970206,1.0,0
2026-08-12T14:20:00,BHEL,SELL,65.08,85.16,-20.08,72.28390866002815,72.28471334651799,-0.0008046864898432204,-0.005217961894971721,-0.0008368732383372308,-0.31860927773529113,65.08,-0.014238109663738228,-0.08169888528291246,-0.12042167860521688,65.08,65.08,0.0,0.0,0.0030498170719229934,0.007242879031432157,0.0,0
2026-08-12T15:02:00,BHEL,BUY,85.16,139.85,54.69,71.19674337467526,70.86067367664755,0.336069698027714,0.01042987657175483,0.0016986363813373284,0.6147458373595498,85.16,0.01853845233823702,0.08914183399411689,0.37443511943189145,85.16,85.16,0.0,0.0,0.003260788301945567,0.004988788864345243,1.0,1
2026-08-11T15:18:00,ITC,BUY,294.41,376.23,81.82,280.21766163107486,279.848046006936,0.3696156241388735,0.002672785328802504,0.0004374620262026137,0.6245958160255327,294.41,0.00044175615060504386,0.017698503232050897,0.051990280854713106,294.41,294.41,0.0,0.0,0.0019119946938008217,0.0015407289169580157,1.0,1
2026-08-12T13:40:00,ITC,SELL,376.23,324.52,51.71,389.4894943398255,390.06711256238566,-0.5776182225601474,-0.0017885461967387594,-0.000298009242737331,-0.5815898663219627,376.23,-0.00180414422541192,-0.010415844709224282,-0.040278557216468454,376.23,376.23,0.0,0.0,0.000478683031195027,0.001176941358178299,0.0,1
2026-08-11T12:00:00,AXISBANK,BUY,41.98,72.1,30.12,34.906610212425576,34.76317487402727,0.14343533839830513,0.010780105197811028,0.0017475841255341483,0.31163808373635504,41.98,0.016711068055219127,0.15679250482226503,0.34379001280409727,41.98,41.98,0.0,0.0,0.007312202183062412,0.011655446278462045,1.0,1
2026-08-12T09:41:00,AXISBANK,SELL,72.1,66.9,5.2,87.6455960021874,87.71460277129462,-0.0690067691072187,-0.00924886111099384,-0.001493698305104873,-0.6869741139344256,72.1,-0.017844980247922658,-0.061686621551275495,-0.24793991863982487,72.1,72.1,0.0,0.0,0.004823822289492545,0.005084589797652756,0.0,1
2026-08-12T14:16:00,AXISBANK,BUY,66.9,71.01,4.11,49.98331591556293,49.42162273163113,0.5616931839318013,0.018136036596029848,0.002980778856974875,0.7434746740154807,66.9,0.008137432188065194,0.05089538171536301,0.7005592272496187,66.9,66.9,0.0,0.0,0.006412571801060086,0.012283352604592361,1.0,1
2026-08-13T11:52:00,AXISBANK,SELL,71.01,62.51,8.5,89.6432457517703,90.20180214558165,-0.558556393811358,-0.010821611965713837,-0.0017847516067357396,-0.8194214965478324,71.01,-0.005740688882665872,-0.07079298612928549,-0.3017699115044247,71.01,71.01,0.0,0.0,0.00653410846678342,0.00467407934013338,0.0,1
2026-08-11T12:10:00,LT,SELL,372.32,318.8,53.52,380.10452009124066,380.16232706234865,-0.05780697110799338,-0.001076731301076473,-0.0001733219762914955,-0.3438096756625555,372.32,-0.0007514761137950337,0.0030712861684357626,-0.0364389233954451,372.32,372.32,0.0,0.0,0.001138520866982353,0.002311880853121124,0.0,1
2026-08-12T10:31:00,LT,BUY,318.8,337.93,19.13,293.5221489684917,292.61370802188657,0.9084409466051397,0.004553219853193285,0.0007525911383208684,1.1103603384189,318.8,0.004189372224147113,0.03265094584089137,0.12471335332510151,318.8,318.8,0.0,0.0,0.0013504991128432179,0.00260206502823566,1.0,1
2026-08-12T13:45:00,LT,SELL,337.93,178.18,159.75,356.59600796712624,356.60779399164187,-0.011786024515629379,-0.002747429349961349,-0.00043994327332889813,-0.8254652199234442,337.93,-0.005415428083703608,-0.025295644649552876,-0.055876847428268095,337.93,337.93,0.0,0.0,0.0009763547803613501,0.0025316225845309908,0.0,1
2026-08-11T13:23:00,MARUTI,BUY,117.7,84.91,-32.79,93.23889782968276,92.32844667945751,0.9104511502252421,0.014001150937769378,0.0023145608654646286,1.0742200995919688,117.7,0.010387157695939635,0.09386617100371755,0.4482588901193553,117.7,117.7,0.0,0.0,0.004793869783951354,0.005863029011967918,1.0,0
2026-08-11T14:39:00,MARUTI,SELL,84.91,108.87,-23.96,100.99971970696421,101.56597975104538,-0.5662600440811616,-0.008314737980262932,-0.0013761851882302357,-0.7068611366027682,84.91,-0.014050162563864467,-0.07212326521691627,-0.18198458574181117,84.91,84.91,0.0,0.0,0.0030986142276719845,0.005171631591974442,0.0,0
2026-08-12T09:49:00,MARUTI,BUY,108.87,106.29,-2.58,97.06453424567235,97.00584041794099,0.05869382773136067,0.0064425521123634925,0.001028818384194603,0.5216414828420426,108.87,0.018142710184232653,0.0770676691729324,0.15279542566709028,108.87,108.87,0.0,0.0,0.0022403709532629076,0.006167326774003018,1.0,0
2026-08-12T11:56:00,MARUTI,SELL,106.29,123.04,-16.75,122.42463572820411,122.56104070880595,-0.1364049806018386,-0.006888658965288233,-0.001114375853279937,-0.7124599195882411,106.29,-0.010519456339601522,-0.04672645739910308,-0.13823577103940324,106.29,106.29,0.0,0.0,0.0033011551253014455,0.005183331112129448,0.0,0
2026-08-12T13:59:00,MARUTI,BUY,123.04,159.13,36.09,106.81196143341711,106.56701260407974,0.24494882933737472,0.008060820973648661,0.0013006699904202345,0.7156788274661068,123.04,0.0032615786040444037,0.04033144499873181,0.20391389432485327,123.04,123.04,0.0,0.0,0.002511705749869669,0.004484594044010853,1.0,1
2026-08-13T13:37:00,MARUTI,SELL,159.13,167.75,-8.62,164.82734974771415,164.85249483999544,-0.025145092281292136,-0.0018159364078401353,-0.0002916192959936923,-0.2517723211048519,159.13,0.006578531216395673,-0.000188489570243787,-0.03311459472596923,159.13,159.13,0.0,0.0,0.0034261584732551776,0.0029395402709065203,0.0,0
2026-08-13T13:48:00,MARUTI,BUY,167.75,162.01,-5.74,164.90268775362614,164.8328364352409,0.06985131838524694,0.0009095961507760569,0.00014874236428442434,0.1253445597470204,167.75,0.0016121327919752224,0.01371766980904043,0.04810996563573876,167.75,167.75,0.0,0.0,0.0026917214266219012,0.003970558130688266,1.0,0
2026-08-14T09:24:00,MARUTI,SELL,162.01,182.86,-20.85,182.41198195608945,182.7078638265142,-0.29588187042475056,-0.0058521623840099915,-0.00095106037405861,-0.899856895210462,162.01,-0.007838814379325135,-0.04028197381671709,-0.12874428609841354,162.01,162.01,0.0,0.0,0.001349633303675738,0.0023181732264552952,0.0,0
2026-08-14T11:34:00,MARUTI,BUY,182.86,213.34,30.48,162.21075540567082,162.07929480403757,0.13146060163325046,0.006745132095130993,0.0010785839467147248,0.9121745723139725,182.86,0.002521929824561447,0.02822762033288355,0.21324309978768588,182.86,182.86,0.0,0.0,0.003092927310395919,0.004015471912483632,1.0,1
2026-08-12T14:58:00,SUNPHARMA,BUY,293.79,311.93,18.14,286.0769889058155,285.93712462761874,0.13986427819673963,0.0014210329159391316,0.0002308401985409671,0.33995740297774546,293.79,0.004650685634168907,0.01177807624754629,0.013628208666850834,293.79,293.79,0.0,0.0,0.0015847468618670904,0.001957069290745375,1.0,1
2026-08-13T11:26:00,SUNPHARMA,SELL,311.93,287.47,24.46,323.27756310257877,323.5544710504038,-0.27690794782500916,-0.0018440463946908302,-0.00030181980549482513,-0.4995555326179897,311.93,-0.0005446972124319639,-0.0067821435394510455,-0.029495037491055094,311.93,311.93,0.0,0.0,0.0014582348885888619,0.0015365850272364848,0.0,1
2026-08-13T14:26:00,SUNPHARMA,BUY,287.47,249.46,-38.01,259.0635874515182,258.6312696189673,0.4323178325508934,0.005804569536170922,0.000937897279879156,1.252732072547417,287.47,0.0027556857820567196,0.014540321157578981,0.1401657874905804,287.47,287.47,0.0,0.0,0.0006255054406742994,0.002872326982209902,1.0,0
2026-08-13T15:07:00,SUNPHARMA,SELL,249.46,267.49,-18.03,260.9805904040242,261.05511902956226,-0.07452862553805062,-0.0023179554365511043,-0.0003731074899513389,-0.508908888331348,249.46,-0.0014410375470338052,-0.008938858209844662,-0.07965320051650988,249.46,249.46,0.0,0.0,0.0004857480916735071,0.0022141737556297296,0.0,0
2026-08-14T09:16:00,SUNPHARMA,BUY,267.49,247.54,-19.95,260.9721874133294,260.75476101531365,0.21742639801573205,0.0013162103117282022,0.0002171041269180445,0.28644412078932646,267.49,0.0042046777039456565,0.010922146636432298,0.06121558359120847,267.49,267.49,0.0,0.0,0.0010995790335371963,0.0016314826054672701,1.0,0
2026-08-14T10:19:00,SUNPHARMA,SELL,247.54,268.11,-20.57,264.3195908808492,264.7157454239867,-0.3961545431374702,-0.003330042535123598,-0.000544944317301812,-0.7388023669903987,247.54,-0.008729777350632736,-0.03759573889040079,-0.08049478102596481,247.54,247.54,0.0,0.0,0.001490219451541926,0.002623214786727281,0.0,0
2026-08-14T11:14:00,SUNPHARMA,BUY,268.11,252.51,-15.6,261.16550061944815,260.89947145818536,0.26602916126279297,0.0014014569267010483,0.00023229925348952217,0.3049072905754997,268.11,-0.0013781287246722458,0.0024677509814919614,0.01737942549235397,268.11,268.11,0.0,0.0,0.001413052987165485,0.002061763155252446,1.0,0
2026-08-14T12:42:00,SUNPHARMA,SELL,252.51,274.3,-21.79,263.9778975520015,264.203263158542,-0.22536560654049254,-0.0022812389425544764,-0.0003717826270318975,-0.5053108397504502,252.51,-0.0033549100094727767,-0.016743896265721783,-0.06884726012242796,252.51,252.51,0.0,0.0,0.0007649725910265348,0.001408904539003039,0.0,0
2026-08-14T13:18:00,SUNPHARMA,BUY,274.3,252.98,-21.32,263.35195554553457,263.0001486850545,0.3518068604800533,0.0021927932165613146,0.00036118242106306103,0.48125613228546626,274.3,0.0018993352326687075,0.007640878701050562,0.08200859926630122,274.3,274.3,0.0,0.0,0.0007319735631682632,0.0024899962958980578,1.0,0
2026-08-11T12:29:00,TITAN,BUY,70.12,114.84,44.72,50.25807854784508,49.69806603538315,0.5600125124619311,0.02124175231249727,0.0034650753195831214,0.8737513964965515,70.12,0.026346604215456843,0.13261185591988384,0.5893019038984589,70.12,70.12,0.0,0.0,0.005400109316684726,0.011204211074716567,1.0,1
2026-08-12T10:55:00,TITAN,SELL,114.84,96.06,18.78,137.35200834118794,137.35395616035427,-0.001947819166332465,-0.00855254422704208,-0.0013755167755775813,-0.9956496353624971,114.84,-0.020554371002132168,-0.09830402010050249,-0.18823778893051527,114.84,114.84,0.0,0.0,0.0007044400488803911,0.008590236374720929,0.0,1
2026-08-13T09:31:00,TITAN,BUY,96.06,87.6,-8.46,88.34725377413227,88.19467287641841,0.15258089771386096,0.004615964520264611,0.0007499858461867089,0.33983882597532045,96.06,0.009882253994953719,0.04367666232073007,0.0672147539162315,96.06,96.06,0.0,0.0,0.001769839879869473,0.006534514122638412,1.0,0
2026-08-13T10:55:00,TITAN,SELL,87.6,99.22,-11.62,94.02594876694415,94.05704327905754,-0.0310945121133841,-0.0035840709230765943,-0.0005765605777442561,-0.28394696194794733,87.6,0.0010284538909837641,-0.010393131495707204,-0.06119386989604552,87.6,87.6,0.0,0.0,0.0024534654745852072,0.0035504452459482094,0.0,0
2026-08-11T14:11:00,ULTRACEMCO,BUY,357.18,412.22,55.04,346.9142322279493,346.64415531669795,0.27007691125135125,0.0015598852056756861,0.0002554756152808986,0.4517670570063501,357.18,0.0023291707590851244,0.016593140742848966,0.04570073484205291,357.18,357.18,0.0,0.0,0.0006655689998164289,0.0012776475383441746,1.0,1
2026-08-12T13:49:00,ULTRACEMCO,SELL,412.22,434.53,-22.31,436.93005451817197,437.25536907367365,-0.3253145555016772,-0.0029676823880629955,-0.00048090908274064166,-1.0901479324470529,412.22,-0.0023717328170376607,-0.013355672570607907,-0.07949622616229728,412.22,412.22,0.0,0.0,0.0005170987849812741,0.0011172113439029904,0.0,0
2026-08-13T09:43:00,ULTRACEMCO,BUY,434.53,482.88,48.35,406.111923157433,405.35993140375473,0.7519917536782827,0.003696560162080805,0.0006050794095125339,1.250561628012747,434.53,0.003533487297921415,0.017348754448398503,0.10508379746191601,434.53,434.53,0.0,0.0,0.0005745017293149519,0.0011449333653649335,1.0,1
2026-08-14T10:17:00,ULTRACEMCO,SELL,482.88,495.7,-12.82,487.51216609517394,487.51444945469603,-0.002283359522095907,-0.0004998364620308112,-7.9878335065512e-05,-0.20485326213463395,482.88,-0.0008690254500310695,-0.006031164447006045,-0.0011170410822887353,482.88,482.88,0.0,0.0,0.00048422769424731046,0.0011739446226920445,0.0,0
2026-08-14T10:34:00,ULTRACEMCO,BUY,495.7,476.72,-18.98,487.5769212630063,487.41620458670855,0.16071667629773856,0.0008776167391628023,0.00014283823295763108,0.3579187336796963,495.7,0.0036851056936907612,0.016153499241523504,0.022441318427457606,495.7,495.7,0.0,0.0,0.0005156526973267903,0.0016311055211363388,1.0,0
2026-08-11T12:18:00,WIPRO,BUY,267.85,242.66,-25.19,256.63430146682384,256.3129470400966,0.3213544267272255,0.0023054628081074224,0.00037839177101567714,0.49334989792561146,267.85,-0.0034230010789893183,-0.004571131262078049,0.08851139919535105,267.85,267.85,0.0,0.0,0.0018335283246511977,0.003483029480212654,1.0,0
2026-08-11T13:18:00,WIPRO,SELL,242.66,252.34,-9.68,260.50313739137295,261.0756907516271,-0.5725533602541759,-0.0035920456417949044,-0.0005924030184068902,-0.7843587904876586,242.66,-0.0022614201718679796,-0.013937990166199385,-0.1027546681456831,242.66,242.66,0.0,0.0,0.0015602110997914298,0.0023876530941597217,0.0,0
2026-08-12T09:38:00,WIPRO,BUY,252.34,273.03,20.69,237.86577419500836,237.23306176844827,0.6327124265600901,0.003212942191743277,0.0005354103245994587,0.6348522973881359,252.34,0.004178439253452232,0.029077117572692775,0.11556145004420873,252.34,252.34,0.0,0.0,0.0010299816323540419,0.002140665204095196,1.0,1
2026-08-12T14:54:00,WIPRO,SELL,273.03,281.71,-8.68,292.7764075619002,293.0206295332573,-0.24422197135709212,-0.0035371991224970797,-0.0005729706855917875,-0.8712961250483318,273.03,-0.008821607492920958,-0.03005435361824589,-0.07346952626577995,273.03,273.03,0.0,0.0,0.0017293910842067857,0.0025736067640850756,0.0,0
2026-08-13T11:03:00,WIPRO,BUY,281.71,328.69,46.98,248.0908556454323,247.82463244255922,0.26622320287307844,0.007183413444072563,0.001150323682003379,1.4846776623627704,281.71,0.005066181454921542,0.03250989590969068,0.18176860474872047,281.71,281.71,0.0,0.0,0.0010090624437073005,0.0015410687697615846,1.0,1
2026-08-13T15:05:00,WIPRO,SELL,328.69,343.29,-14.6,336.5730806456646,336.7195234263852,-0.1464427807205766,-0.0012311981626465238,-0.0002003491438036847,-0.3474239945744557,328.69,-0.0003041455032088042,-0.008925071611638715,-0.036918749450613915,328.69,328.69,0.0,0.0,0.0009177832280831467,0.0009695075862124381,0.0,0
2026-08-13T15:25:00,WIPRO,BUY,343.29,344.24,0.95,336.58704245299054,336.50223565239025,0.08480680060029044,0.0010492305107107295,0.00016953737868104896,0.29574720278174027,343.29,0.0011081624916158626,0.010032952806873087,0.0444187532325292,343.29,343.29,0.0,0.0,0.0007393236502069755,0.001531704786491053,1.0,1
2026-08-14T10:48:00,WIPRO,SELL,344.24,330.66,13.58,351.8320830835336,352.10258465778975,-0.2705015742561727,-0.0011344332673598272,-0.0001876150495112642,-0.33351118020453896,344.24,-0.0003194424277624906,0.0018334739966822718,-0.006378986866791686,344.24,344.24,0.0,0.0,0.0005690234135895965,0.0019516601349424006,0.0,1
2026-08-11T15:15:00,ASIANPAINT,SELL,384.13,298.69,85.44,408.18991068221374,408.57217815875146,-0.3822674765377201,-0.0030926653967089227,-0.000502465076049263,-1.0609146334219872,384.13,-0.005308405406805146,-0.015606580903080394,-0.05984140192863084,384.13,384.13,0.0,0.0,0.0011698324844509665,0.0014426115199114057,0.0,1
2026-08-12T15:12:00,ASIANPAINT,BUY,298.69,459.9,161.21,270.1065418099184,269.20636426556683,0.9001775443515498,0.005600820918181567,0.0009211887718517598,1.2566308914929323,298.69,0.0055209560680019735,0.03989833930996058,0.1565476651436537,298.69,298.69,0.0,0.0,0.0019018930857843028,0.0019190920080522586,1.0,1
2026-08-14T12:40:00,ASIANPAINT,SELL,459.9,479.76,-19.86,470.7593598895164,470.9826809295156,-0.22332103999917763,-0.001212619947263753,-0.00019770017904917298,-0.4784134848260351,459.9,-0.0008689984792527354,-0.00015218383807650502,-0.03542440067954454,459.9,459.9,0.0,0.0,0.0006204619064768488,0.0017141837495453986,0.0,0
2026-08-14T13:21:00,ASIANPAINT,BUY,479.76,465.96,-13.8,469.89102056207855,469.7206863275176,0.17033423456092578,0.0011066284576275987,0.0001796368305148574,0.43505598997586503,479.76,0.0021515259123095955,0.013327700918787627,0.030279603143924676,479.76,479.76,0.0,0.0,0.00040570031583330644,0.0009565667060921954,1.0,0
2026-08-11T11:29:00,BAJFINANCE,BUY,151.96,139.54,-12.42,145.72038294502482,145.6662781551589,0.05410478986593148,0.002258727702901959,0.00036321123325271635,0.27551247876604634,151.96,-0.0015768725361365353,0.00602449520026479,0.07949136889962348,151.96,151.96,0.0,0.0,0.001472734917994331,0.002705202424681225,1.0,0
2026-08-11T13:23:00,BAJFINANCE,SELL,139.54,158.3,-18.76,153.25814483953343,153.65866825950712,-0.40052341997369467,-0.004688965503579463,-0.000771532998827084,-0.6033633520450508,139.54,-0.0010022909507446647,-0.01440881480435104,-0.13021255376176535,139.54,139.54,0.0,0.0,0.0016611968866521432,0.004340637892724928,0.0,0
2026-08-11T14:35:00,BAJFINANCE,BUY,158.3,149.77,-8.53,151.57827620779517,151.36115289651272,0.21712331128244955,0.00233940223612984,0.0003853836337102991,0.2954652969067695,158.3,-0.0014508294959943845,0.005590141024012348,0.09172413793103457,158.3,158.3,0.0,0.0,0.0018109137074435158,0.004147530145841349,1.0,0
2026-08-12T10:02:00,BAJFINANCE,SELL,149.77,147.01,2.76,162.96535189226546,163.1668198572093,-0.2014679649438449,-0.004243510121175195,-0.000689482686645652,-0.5819138867282732,149.77,-0.0037251380296680786,-0.03311814073595865,-0.06940474711072442,149.77,149.77,0.0,0.0,0.0028524355951150926,0.004421576414607846,0.0,1
2026-08-12T13:17:00,BAJFINANCE,BUY,147.01,136.12,-10.89,134.49660113222248,134.1714258174292,0.32517531479328454,0.004920874000990412,0.0008047466082107071,0.5507127624045154,147.01,0.009476069491176237,0.05044658806716686,0.12841571998771867,147.01,147.01,0.0,0.0,0.001526966401316689,0.007518201581239643,1.0,0
2026-08-13T09:31:00,BAJFINANCE,SELL,136.12,154.82,-18.7,147.59237781448627,147.9559674695719,-0.363589655085633,-0.004074391994658534,-0.0006717883425469685,-0.5043474471481773,136.12,-0.004461347180574748,-0.015264414381827284,-0.10151815181518149,136.12,136.12,0.0,0.0,0.002833597614594314,0.004177013902543199,0.0,0
2026-08-13T10:42:00,BAJFINANCE,BUY,154.82,211.81,56.99,143.56275614912823,143.46803931373714,0.09471683539109677,0.0041441239496682845,0.0006653614280778881,0.49709189085129424,154.82,0.010244698205546448,0.04122671329611941,0.1215589684149522,154.82,154.82,0.0,0.0,0.0023328504465636116,0.00409368789765408,1.0,1
2026-08-14T10:20:00,BAJFINANCE,SELL,211.81,233.09,-21.28,227.38702255526223,227.60675834479525,-0.21973578953301853,-0.0035925443756348718,-0.000582884681786878,-0.6870974239385816,211.81,-0.00661288809680141,-0.03836375192953777,-0.058664059375138834,211.81,211.81,0.0,0.0,0.0006116891122697288,0.004064838816893325,0.0,0
2026-08-11T11:53:00,BHARTIARTL,SELL,235.79,250.01,-14.22,246.97659566704937,247.12853615275424,-0.15194048570486984,-0.002378233303005444,-0.00038540710677627987,-0.4934863765929549,235.79,0.0016142050040354931,-0.005105485232067544,-0.052747870801864036,235.79,235.79,0.0,0.0,0.0015054952144313847,0.0029772570949588846,0.0,0
2026-08-11T13:01:00,BHARTIARTL,BUY,250.01,307.7,57.69,243.17753580665058,243.10910690667544,0.0684288999751459,0.0014809589020114567,0.00023859465929592112,0.3016126803341024,250.01,0.0015623748097107057,0.00036011523687581393,0.047601089461554516,250.01,250.01,0.0,0.0,0.0013872996718268592,0.0020862813047681705,1.0,1
2026-08-12T14:29:00,BHARTIARTL,SELL,307.7,335.64,-27.94,323.3508943437046,323.3869382498278,-0.03604390612315456,-0.0025410109741303565,-0.00040746635524086086,-0.6919082707448183,307.7,-0.002334478957266154,-0.008890034142884723,-0.07277384360403806,307.7,307.7,0.0,0.0,0.0013781430965819866,0.0019359970568329423,0.0,0
2026-08-13T09:34:00,BHARTIARTL,BUY,335.64,307.18,-28.46,319.45010870894544,319.412104888871,0.03800382007443659,0.0026745287701624683,0.0004271194177764797,0.7157306751544183,335.64,0.0072624692395413205,0.02824581827093919,0.0783960930471661,335.64,335.64,0.0,0.0,0.001119449743800355,0.0016215548119544766,1.0,0
2026-08-13T10:28:00,BHARTIARTL,SELL,307.18,328.21,-21.03,323.49118571261744,323.9466933716312,-0.4555076590137901,-0.0026467838267031736,-0.0004347484671493849,-0.7175868756038994,307.18,-0.005535951309527598,-0.0181550853416864,-0.05856753195010577,307.18,307.18,0.0,0.0,0.0012374703972808667,0.001882460574931192,0.0,0
2026-08-13T13:03:00,BHARTIARTL,BUY,328.21,358.23,30.02,301.3435691110125,300.65000391529884,0.6935651957136884,0.004714516109486749,0.0007709134997016378,1.1824260726139642,328.21,0.004038055615038678,0.03129615082482319,0.14975828487353746,328.21,328.21,0.0,0.0,0.0012431931011919219,0.0016131650490262377,1.0,1
2026-08-11T11:39:00,HCLTECH,SELL,107.86,115.82,-7.96,123.57033657597633,124.04376615623435,-0.4734295802580277,-0.006646932919272594,-0.0010951706649803058,-0.6908617848618945,107.86,-0.007818967896237644,-0.020700926094062114,-0.16864498227223684,107.86,107.86,0.0,0.0,0.004363079247471371,0.007386904011465609,0.0,0
2026-08-11T14:20:00,HCLTECH,BUY,115.82,117.41,1.59,94.90652981918825,94.46135558114507,0.44517423804317957,0.01173390890636253,0.0019037000925595103,0.9212245500037,115.82,0.0018164518640255492,0.03207984316521114,0.4177989962051658,115.82,115.82,0.0,0.0,0.005253870740766262,0.009227254715421464,1.0,1
2026-08-12T10:41:00,HCLTECH,SELL,117.41,133.41,-16.0,130.5721050736393,130.78082159663583,-0.2087165229965251,-0.005277440120304509,-0.0008584086971687346,-0.5803825269469485,117.41,-0.014438008897842684,-0.05115564894132858,-0.09878722750997854,117.41,117.41,0.0,0.0,0.0020911688432452926,0.005854999352445723,0.0,0
2026-08-12T13:15:00,HCLTECH,BUY,133.41,130.38,-3.03,110.478244616756,109.62111913445759,0.8571254822984145,0.011045300843354635,0.001826945225659521,1.0070279319596267,133.41,0.00641219070609531,0.0621815286624204,0.306276314501126,133.41,133.41,0.0,0.0,0.0033117788288586055,0.0034808392963039253,1.0,0
2026-08-13T09:49:00,HCLTECH,SELL,130.38,151.83,-21.45,143.1111331569045,143.1988207072579,-0.08768755035342224,-0.004660273202659429,-0.0007516836356073092,-0.5623384574231238,130.38,-0.0019138023424940672,-0.025342004933841776,-0.12958141397957137,130.38,130.38,0.0,0.0,0.00334502907294585,0.0025644084901617833,0.0,0
2026-08-13T10:37:00,HCLTECH,BUY,151.83,134.46,-17.37,141.8319893969027,141.73745887449144,0.0945305224112758,0.0037239176674693066,0.0005987270368503966,0.4413998144112554,151.83,0.008770181383296934,0.041643798024149435,0.05974733021567671,151.83,151.83,0.0,0.0,0.0012693265055569788,0.007576814894153342,1.0,0
2026-08-13T11:23:00,HCLTECH,SELL,134.46,148.51,-14.05,143.10623060139477,143.18953854866018,-0.08330794726541058,-0.0031698290776911347,-0.0005120479121653191,-0.38170730169900935,134.46,-0.004442470013327368,-0.031058586149744195,-0.08586579645115232,134.46,134.46,0.0,0.0,0.0031629086980094643,0.003071318859504563,0.0,0
2026-08-13T11:58:00,HCLTECH,BUY,148.51,139.25,-9.26,142.719841953841,142.5536018777315,0.16624007610951708,0.0021398374693800907,0.00035124575069526916,0.2546913945908216,148.51,-0.0006729022273065253,0.018168106403400365,0.0543840965566205,148.51,148.51,0.0,0.0,0.0027444166671197244,0.0025501845152874187,1.0,0
2026-08-13T13:14:00,HCLTECH,SELL,139.25,150.43,-11.18,143.5959133428923,143.75121000359132,-0.1552966606990367,-0.001590355256655211,-0.00026306104682797643,-0.19090698705704767,139.25,7.181844297609096e-05,-0.010305614783226644,-0.04025087876490457,139.25,139.25,0.0,0.0,0.001779132566021823,0.00427376066581845,0.0,0
2026-08-13T13:32:00,HCLTECH,BUY,150.43,160.31,9.88,143.93666099903754,143.68354839318908,0.2531126058484574,0.0023799916935214696,0.00039472332969487555,0.28506181361569816,150.43,0.0047421854127705585,0.02858119658119663,0.07665330661322652,150.43,150.43,0.0,0.0,0.002416445502466526,0.004739995348790523,1.0,1
2026-08-14T11:03:00,HCLTECH,SELL,160.31,161.29,-0.98,179.27913263349785,179.29217082718006,-0.013038193682206156,-0.005537992024871828,-0.0008888968676002024,-0.838861361198525,160.31,-0.0119568567026194,-0.03375323970827554,-0.12618554453286823,160.31,160.31,0.0,0.0,0.0031537432152251273,0.0032766944353877616,0.0,0
2026-08-11T11:28:00,HEROMOTOCO,BUY,229.48,236.43,6.95,208.2246165794125,208.1233576584721,0.10125892094040978,0.00540160528849181,0.000863057734644369,0.939236807855309,229.48,0.008260105448154637,0.03607386337983647,0.15374560080442426,229.48,229.48,0.0,0.0,0.0009625542532570421,0.002454563345439978,1.0,1
2026-08-11T14:20:00,HEROMOTOCO,SELL,236.43,234.47,1.96,246.4441643774889,246.64638482122686,-0.2022204437379571,-0.0021340999609007574,-0.0003479560449943047,-0.4412093097380989,236.43,-0.005761143818334754,-0.013600901164003467,-0.050481927710843345,236.43,236.43,0.0,0.0,0.0022302554934112463,0.0017985705877938728,0.0,1
2026-08-12T11:00:00,HEROMOTOCO,BUY,234.47,210.93,-23.54,223.93547936193409,223.61220187406067,0.32327748787341193,0.002482074920968358,0.00040820333408631617,0.4632064535767313,234.47,0.00012796451117557216,0.004541364980077984,0.05645670000901145,234.47,234.47,0.0,0.0,0.0009458845429552522,0.002215933398355186,1.0,0
2026-08-12T11:43:00,HEROMOTOCO,SELL,210.93,205.99,4.94,225.65893466217227,225.75618406255293,-0.09724940038066165,-0.003423543293836818,-0.0005515732034987705,-0.6506173054444844,210.93,-0.005750648126325707,-0.026087358020131155,-0.10860837594556899,210.93,210.93,0.0,0.0,0.001359066169632977,0.0018082204019974166,0.0,1
2026-08-12T14:51:00,HEROMOTOCO,BUY,205.99,172.79,-33.2,197.2485168615959,197.23602051518836,0.012496346407544934,0.0023379323639010807,0.00037310781010627873,0.38651520710243403,205.99,0.0,0.016782664494792467,0.04563451776649751,205.99,205.99,0.0,0.0,0.0023765139538628357,0.002666988102279502,1.0,0
2026-08-13T09:45:00,HEROMOTOCO,SELL,172.79,186.34,-13.55,203.50130747025582,203.64611151091887,-0.14480404066304686,-0.00788027881629486,-0.0012716438425096747,-1.3570895489840495,172.79,-0.009856168700934038,-0.057389122251923025,-0.2505313381045327,172.79,172.79,0.0,0.0,0.002226245094369824,0.0025545483338620016,0.0,0
2026-08-13T11:55:00,HEROMOTOCO,BUY,186.34,180.56,-5.78,174.38730562795604,173.92856634581167,0.4587392821443643,0.0036204859276700186,0.0006000184131336642,0.5247914156761055,186.34,0.005341246290801236,0.03856872143573747,0.07829408020369193,186.34,186.34,0.0,0.0,0.0012954062685291794,0.0033996699437311454,1.0,0
2026-08-13T14:35:00,HEROMOTOCO,SELL,180.56,140.79,39.77,199.4808755146541,199.6415758679687,-0.16070035331460986,-0.004967337842373091,-0.0008025417014631318,-0.8354861763611154,180.56,-0.0053982593367852254,-0.025264521701576368,-0.12072072072072068,180.56,180.56,0.0,0.0,0.0008995223397047053,0.0014985487798312295,0.0,1
2026-08-11T11:43:00,HINDUNILVR,SELL,345.31,186.86,158.45,353.6334410859023,353.79099749980173,-0.1575564138994423,-0.0012372524353883494,-0.0002014028997235444,-0.36680696007346114,345.31,0.001653419968672023,-0.0007523801255895793,-0.023195949195213682,345.31,345.31,0.0,0.0,0.0012444930415038548,0.0011009092477828383,0.0,1
2026-08-12T13:49:00,HINDUNILVR,BUY,186.86,176.86,-10.0,178.48329030635287,178.2859990166877,0.1972912896651735,0.0024762608833398363,0.0004042917459713641,0.3688290291291878,186.86,0.004083825900053839,0.009290266825105474,0.06521491278075492,186.86,186.86,0.0,0.0,0.0012959465674169423,0.0032881394269044188,1.0,0
2026-08-12T14:25:00,HINDUNILVR,SELL,176.86,152.67,24.19,178.76031207819602,178.77119701179836,-0.010884933602341107,-0.0005591873055646618,-8.983011046827068e-05,-0.0839559460774808,176.86,-0.0007345047742810071,0.0036318238565430415,-0.018752774079005743,176.86,176.86,0.0,0.0,0.0014458603225402,0.0023445710161679977,0.0,1
2026-08-13T11:31:00,HINDUNILVR,BUY,152.67,120.11,-32.56,137.28143946280096,136.7471588796426,0.5342805831583632,0.005934749368544604,0.0009794458897736833,0.6761188512339515,152.67,0.004143646408839749,0.00932169773899244,0.17755495564982632,152.67,152.67,0.0,0.0,0.001863948638431263,0.004938603756834518,1.0,0
2026-08-13T11:58:00,HINDUNILVR,SELL,120.11,130.17,-10.06,137.57677690644093,137.69535230765942,-0.11857540121849297,-0.0066377621761858074,-0.0010720597504693477,-0.7715279778951469,120.11,-0.012659268392930589,-0.07586366084481033,-0.21828831760494635,120.11,120.11,0.0,0.0,0.0021361343044531676,0.004312333279143974,0.0,0
2026-08-13T14:13:00,HINDUNILVR,BUY,130.17,168.89,38.72,109.74275465713211,109.3822203831436,0.360534273988506,0.009893637247981505,0.0015995895028228582,0.9004309522693603,130.17,0.014338034754149262,0.07542961004626554,0.30574781823653313,130.17,130.17,0.0,0.0,0.0007771292413068856,0.004193880082019012,1.0,1
2026-08-14T11:25:00,HINDUNILVR,SELL,168.89,156.23,12.66,177.42159998093078,177.72599644572696,-0.3043964647961843,-0.002524484081539263,-0.0004176151135442968,-0.3747795069712083,168.89,-0.006003178153139958,-0.019620363383061612,-0.04866783078916248,168.89,168.89,0.0,0.0,0.0029370133833730317,0.0032324054691850418,0.0,1
2026-08-14T13:32:00,HINDUNILVR,BUY,156.23,147.66,-8.57,150.75821866603445,150.62855426354747,0.12966440248698063,0.0019139233782445092,0.00031259469322845497,0.24091751868610345,156.23,-0.009070150957757242,-0.041533742331288405,0.061345108695652184,156.23,156.23,0.0,0.0,0.0011784130123425039,0.009878865588733092,1.0,0
2026-08-12T11:23:00,INDUSINDBK,SELL,230.87,235.39,-4.52,248.21707494899357,248.7134375669881,-0.49636261799452086,-0.00366476801491922,-0.0006025187476185438,-0.7630590911797412,230.87,-0.006540728947028624,-0.03514710799063857,-0.07120730578911369,230.87,230.87,0.0,0.0,0.0011672058395628374,0.002877242687210775,0.0,0
2026-08-12T13:42:00,INDUSINDBK,BUY,235.39,224.56,-10.83,230.84951677960112,230.7747223568068,0.07479442279432647,0.001036261382289219,0.00016808758094373678,0.20018895533254977,235.39,-0.00046709129511683076,-0.002711519722069291,0.0007652735853066553,235.39,235.39,0.0,0.0,0.0011103913643923278,0.0020435167483330977,1.0,0
2026-08-12T14:22:00,INDUSINDBK,SELL,224.56,233.66,-9.1,231.14967521572476,231.32878409607082,-0.17910888034606387,-0.001498186845216762,-0.0002458256811727671,-0.2899444727314915,224.56,-0.0031960227272727223,-0.010966747412464254,-0.044791356501765286,224.56,224.56,0.0,0.0,0.002309827481872044,0.001987823948402065,0.0,0
2026-08-13T09:54:00,INDUSINDBK,BUY,233.66,204.65,-29.01,214.87593823293915,214.67419353706836,0.20174469587078647,0.004622223077833218,0.0007437468392492166,0.8290902377198393,233.66,-0.003921902975530803,-0.008402648107282253,0.13520866734683953,233.66,233.66,0.0,0.0,0.0020795899450549026,0.005371363407381077,1.0,0
2026-08-13T10:42:00,INDUSINDBK,SELL,204.65,227.43,-22.78,216.80671266331154,216.87306929599492,-0.06635663268338021,-0.0029424564921677085,-0.00047339323339377166,-0.537112114246014,204.65,-0.006505170153890982,-0.03238770685579193,-0.07511185429565691,204.65,204.65,0.0,0.0,0.00041442040431719917,0.0018972752335801178,0.0,0
2026-08-13T12:19:00,INDUSINDBK,BUY,227.43,333.22,105.79,213.32853866658934,213.24126232280778,0.08727634378155358,0.0034912032347362214,0.0005594592457352365,0.6229490857183748,227.43,0.006193868070610121,0.03499590425047783,0.09758216302302011,227.43,227.43,0.0,0.0,0.000890020807825164,0.0022383177776459733,1.0,1
2026-08-14T13:25:00,INDUSINDBK,SELL,333.22,350.45,-17.23,354.49248180181934,354.5234073910831,-0.030925589263745223,-0.0031483865399936565,-0.0005047053987697113,-0.9405840751817323,333.22,-0.0029025404709894682,-0.02544454843238181,-0.09904015141273488,333.22,333.22,0.0,0.0,0.0011600071392682547,0.0019295696123015702,0.0,0
2026-08-14T14:39:00,INDUSINDBK,BUY,350.45,343.46,-6.99,347.7448655535325,347.7368264080613,0.008039145471229858,0.000409592857517887,6.557048705930909e-05,0.11957571909903209,350.45,0.0002854288568573309,-0.0019081795397585324,-0.0023911867687666367,350.45,350.45,0.0,0.0,0.0006501305724467011,0.001234471506929644,1.0,0
2026-08-11T11:42:00,JSWSTEEL,BUY,208.91,288.73,79.82,206.82585606031475,206.80195404791502,0.023902012399730665,0.0005306396172958857,8.566741797977788e-05,0.09197711443297862,208.91,-0.000574080275558554,-0.01619967035554508,0.045386309047237755,208.91,208.91,0.0,0.0,0.0015267741854838412,0.004750236529004049,1.0,1
2026-08-12T11:03:00,JSWSTEEL,SELL,288.73,292.41,-3.68,308.1339083299962,308.2034074858633,-0.06949915586710631,-0.0033033843302072564,-0.000530673040273574,-0.8576162534445189,288.73,-0.004585258222436682,-0.02165220927080505,-0.0784820630665134,288.73,288.73,0.0,0.0,0.0016402735305794565,0.0011075319046698908,0.0,0
2026-08-12T14:25:00,JSWSTEEL,BUY,292.41,273.79,-18.62,280.8780824787686,280.7791412243428,0.09894125442576751,0.002165556641405775,0.00034821797249132174,0.5092047183940167,292.41,-0.0017410897173289325,-0.0025923525599481217,0.04930563031542688,292.41,292.41,0.0,0.0,0.0009834217732590156,0.00266534412036148,1.0,0
2026-08-12T14:49:00,JSWSTEEL,SELL,273.79,210.5,63.29,280.9549612616421,281.065235243775,-0.11027398213292372,-0.0013404203498312926,-0.00021746956806591137,-0.31596679367703473,273.79,-0.004798080767692898,-0.020674607432843196,-0.054167962137699956,273.79,273.79,0.0,0.0,0.000907978195506419,0.001684244158132371,0.0,1
2026-08-13T13:11:00,JSWSTEEL,BUY,210.5,290.26,79.76,189.89688518306394,189.55854926054906,0.33833592251488653,0.005743128248863895,0.00092922266821,0.9083958864068507,210.5,0.009059968362015178,0.04695115885805231,0.19724718462063479,210.5,210.5,0.0,0.0,0.0004881117587662215,0.002331731899329932,1.0,1
2026-08-14T13:29:00,JSWSTEEL,SELL,290.26,322.29,-32.03,306.87901007192056,307.30085255090756,-0.4218424789870028,-0.0028421583733061915,-0.00046577723722536827,-0.7314842990231796,290.26,-0.005924860440426104,-0.025515342778486612,-0.07483903869446043,290.26,290.26,0.0,0.0,0.0009493671440067721,0.0015835864570579589,0.0,0
2026-08-12T13:01:00,KOTAKBANK,SELL,477.95,388.79,89.16,487.14842483511467,487.41236051595115,-0.26393568083648233,-0.000992812355246492,-0.00016311171216990849,-0.4046119883128654,477.95,-0.002379511156567631,-0.0069809478298809785,-0.02942490455690035,477.95,477.95,0.0,0.0,0.0008907929552796786,0.0008586249944579151,0.0,1
2026-08-13T13:56:00,KOTAKBANK,BUY,388.79,361.36,-27.43,374.2516695399353,373.82191614295175,0.42975339698352855,0.002048736163547466,0.0003365895599848703,0.6393930700857027,388.79,0.0010041194644697302,0.005300718829187597,0.041215854311730166,388.79,388.79,0.0,0.0,0.0010210774736414431,0.001124691143094257,1.0,0
2026-08-13T14:37:00,KOTAKBANK,SELL,361.36,392.69,-31.33,375.9440799080148,375.94453410166284,-0.00045419364801091433,-0.0020375879706410267,-0.0003258969271979967,-0.6450240429554128,361.36,-0.0035846247173661593,-0.017723170599108357,-0.07443266226115465,361.36,361.36,0.0,0.0,0.0003147123862053234,0.001956523211614009,0.0,0
2026-08-13T15:18:00,KOTAKBANK,BUY,392.69,353.69,-39.0,373.16138565685094,373.09048905341456,0.07089660343638116,0.0027619701832385444,0.0004416475831863385,0.8631200348737025,392.69,0.0012238341704699479,0.014204912316950334,0.09162427376087615,392.69,392.69,0.0,0.0,0.0011405841114283306,0.0022932849196677613,1.0,0
2026-08-14T09:37:00,KOTAKBANK,SELL,353.69,349.44,4.25,374.5461710691126,374.725262896444,-0.17909182733143325,-0.0029221646312745366,-0.000471501621863748,-0.9209262990677303,353.69,-0.006488764044943827,-0.033633879781420774,-0.08439255481632975,353.69,353.69,0.0,0.0,0.00081503689021087,0.002275918667732277,0.0,1
2026-08-11T11:35:00,M&M,BUY,365.41,355.79,-9.62,362.60585962132984,362.55631304224886,0.0495465790809817,0.0004071815891568849,6.614737644553254e-05,0.12360577304929166,365.41,0.000629826386987289,0.0011781467477670197,0.014689547928468345,365.41,365.41,0.0,0.0,0.000856150727083224,0.0013653384269912672,1.0,0
2026-08-11T11:48:00,M&M,SELL,355.79,336.21,19.58,362.3390119149104,362.5522874353964,-0.21327552048603593,-0.0009503731232287499,-0.00015671405582047318,-0.2878588927915757,355.79,-0.005756601928182206,-0.020833333333333315,-0.025553242769500394,355.79,355.79,0.0,0.0,0.0010998718759534236,0.0019469218725846039,0.0,1
2026-08-11T14:12:00,M&M,BUY,336.21,358.24,22.03,322.8549749962141,322.8246108846234,0.03036411159069985,0.0021818765073199557,0.00034855294083201464,0.5904137913570935,336.21,0.007340604026845604,0.016999909253153467,0.032554282730874254,336.21,336.21,0.0,0.0,0.002277533595831292,0.002057267156646112,1.0,1
2026-08-12T13:44:00,M&M,SELL,358.24,333.0,25.24,371.6463312183353,371.68033706348916,-0.03400584515384253,-0.001894971739406941,-0.0003037817375590169,-0.5926523709754292,358.24,-0.002033596122238678,-0.01177898540729906,-0.04854987782853493,358.24,358.24,0.0,0.0,0.0012278327543827634,0.0009465191018683588,0.0,1
2026-08-11T14:00:00,NESTLEIND,BUY,245.63,222.32,-23.31,233.52662317965988,233.50156607575641,0.02505710390346394,0.002735286691610451,0.0004366742381717231,0.5351002198407571,245.63,0.0026532778185974597,0.01299076212471134,0.04831206521275231,245.63,245.63,0.0,0.0,0.00043543253089911284,0.00222048590952589,1.0,0
2026-08-11T14:54:00,NESTLEIND,SELL,222.32,235.46,-13.14,236.21941954202984,236.48927516594162,-0.26985562391178064,-0.0030873408254543664,-0.000503234741606297,-0.6124788577393474,222.32,-0.005680039357753076,-0.03187597979446087,-0.07701249636733512,222.32,222.32,0.0,0.0,0.0006812185095703027,0.0020882677930539615,0.0,0
2026-08-12T12:06:00,NESTLEIND,BUY,235.46,292.25,56.79,214.67985278969223,214.49370310120557,0.18614968848666535,0.005120612469369398,0.0008220857184509451,0.9175045895398455,235.46,0.009042211270623586,0.02749170884971204,0.20212385766069332,235.46,235.46,0.0,0.0,0.0024239914259659855,0.003962519357207251,1.0,1
2026-08-13T10:36:00,NESTLEIND,SELL,292.25,301.58,-9.33,313.6949810122073,313.9487138050495,-0.2537327928422428,-0.0035851282461664066,-0.0005804651573564047,-0.9463410783533277,292.25,-0.006425511661113709,-0.027260018639328976,-0.09763176583196963,292.25,292.25,0.0,0.0,0.0007564147101887697,0.001050394588859079,0.0,0
2026-08-11T11:43:00,NTPC,SELL,278.33,304.42,-26.09,293.70564151713864,294.1966545416795,-0.49101302454084816,-0.002747719485067429,-0.0004530059354516446,-0.6759110589330817,278.33,-0.0019363861297379441,-0.032971996386630564,-0.07923117639274842,278.33,278.33,0.0,0.0,0.003402595085816435,0.004215706217616487,0.0,0
2026-08-11T12:53:00,NTPC,BUY,304.42,293.31,-11.11,289.18059173892624,288.8211457203273,0.35944601859893055,0.0027813240931523933,0.0004540606896924342,0.6709913099310256,304.42,0.008447344883559185,0.027543374063322842,0.07797450424929193,304.42,304.42,0.0,0.0,0.001969972906701276,0.002190472098913786,1.0,0
2026-08-11T15:09:00,NTPC,SELL,293.31,283.77,9.54,298.36409508097154,298.5742305684523,-0.21013548748078392,-0.0008907508124120555,-0.00014813963782475746,-0.2217677725939211,293.31,-0.0015658508356877134,-0.011459000370732289,-0.015044158635279956,293.31,293.31,0.0,0.0,0.0006620690680436949,0.0016644406635969874,0.0,1
2026-08-12T13:05:00,NTPC,BUY,283.77,272.53,-11.24,270.7280656169986,270.6964802492868,0.03158536771178433,0.0025418953118662227,0.0004060123557560686,0.5765560885951118,283.77,0.006633557999290545,0.020168248490077496,0.07083018867924522,283.77,283.77,0.0,0.0,0.0021607140212805643,0.001994207398466604,1.0,0
2026-08-13T09:37:00,NTPC,SELL,272.53,275.41,-2.88,290.70132667573455,290.99443276170626,-0.29310608597171495,-0.0032791370644797793,-0.0005329332501817744,-0.801222313993776,272.53,-0.006271649954421248,-0.03801623720437712,-0.09482529560249772,272.53,272.53,0.0,0.0,0.0010136530555173609,0.0033087855308481006,0.0,0
2026-08-13T12:31:00,NTPC,BUY,275.41,265.81,-9.6,270.9080597471092,270.8247778188866,0.08328192822256142,0.0008753953053994436,0.00014229407632496127,0.19841294500338336,275.41,-0.002209984783711169,-0.005596476025418669,0.03234875178049349,275.41,275.41,0.0,0.0,0.0015078612275728246,0.002768316103521327,1.0,0
2026-08-13T12:38:00,NTPC,SELL,265.81,282.08,-16.27,270.81027518041753,270.825182883833,-0.014907703415474316,-0.0009708526611040076,-0.00015559054096811863,-0.22102798393490275,265.81,-0.008726459071415161,-0.028898144088850008,-0.02275735294117646,265.81,265.81,0.0,0.0,0.0017999493072532778,0.003578474565985434,0.0,0
2026-08-13T13:32:00,NTPC,BUY,282.08,300.53,18.45,268.4617800436298,267.8960361705055,0.5657438731242905,0.0026769812100960813,0.0004451205411714131,0.59755544539928,282.08,0.004773099665170531,0.013218390804597727,0.08246671015771906,282.08,282.08,0.0,0.0,0.0013064826715878484,0.0012461206487112077,1.0,1
2026-08-11T14:07:00,ONGC,SELL,412.49,428.82,-16.33,420.59231141556427,420.7955881609461,-0.20327674538185647,-0.0010128704341093018,-0.00016583653897743448,-0.35664258442909613,412.49,0.003210350949728806,0.009075786486618808,-0.014030978104981367,412.49,412.49,0.0,0.0,0.001212663260689881,0.0022860012392195922,0.0,0
2026-08-11T14:17:00,ONGC,BUY,428.82,461.02,32.2,420.9953269171803,420.8118262773839,0.18350063979642073,0.0009791751153331806,0.00015994403394634145,0.3445293215947913,428.82,0.0042387766094470905,0.022143827616618646,0.04715391565529536,428.82,428.82,0.0,0.0,0.0005606764474679268,0.0019638881675916485,1.0,1
2026-08-12T13:36:00,ONGC,SELL,461.02,456.58,4.44,479.43525051667456,479.74896847077224,-0.3137179540976831,-0.0020175159962056498,-0.00032795208504564415,-0.8118374217335713,461.02,-0.005264747766797561,-0.024626581475056156,-0.05522880504949084,461.02,461.02,0.0,0.0,0.00023673261641906092,0.0016407137242437704,0.0,1
2026-08-13T09:49:00,ONGC,BUY,456.58,423.72,-32.86,433.0070398169422,431.9909889327098,1.0160508842324134,0.0028735034417708962,0.0004785498617393019,1.0340517697944165,456.58,-0.0006128792190168313,0.0026571798757054252,0.0810209300123117,456.58,456.58,0.0,0.0,0.0007304182955922466,0.0025364989269099523,1.0,0
2026-08-13T10:21:00,ONGC,SELL,423.72,439.45,-15.73,432.81132526502716,433.19882321952207,-0.3874979544949042,-0.0011043204471412494,-0.00018384014167998909,-0.3988368267878286,423.72,0.0013943705244251928,-0.0009666847428853611,-0.04475054670063342,423.72,423.72,0.0,0.0,0.0009651609502671697,0.0015488265617150537,0.0,0
2026-08-13T10:59:00,ONGC,BUY,439.45,420.84,-18.61,432.7734750111202,432.52580596352897,0.24766904759121644,0.0008126228265036601,0.00013454534372053263,0.29320954753819706,439.45,0.0010706638115631018,0.0064585575888051515,0.026081068459886093,439.45,439.45,0.0,0.0,0.0007760559198321692,0.001010305201764906,1.0,0
2026-08-13T11:22:00,ONGC,SELL,420.84,445.54,-24.7,432.3949644617552,432.80048659201987,-0.40552213026467143,-0.0014045072553291796,-0.00023217385008899913,-0.5076477336135667,420.84,-0.003362857007530943,-0.019660827431979125,-0.05045126353790617,420.84,420.84,0.0,0.0,0.0005627740699436021,0.001323711314464578,0.0,0
2026-08-13T11:49:00,ONGC,BUY,445.54,419.61,-25.93,432.38559405097647,432.070198230403,0.31539582057348525,0.0016037710669615267,0.0002620436982726396,0.579145543702623,445.54,0.0011909844722591168,0.011234934973558288,0.06278326415724439,445.54,445.54,0.0,0.0,0.0006106481461112153,0.00208341661707667,1.0,0
2026-08-12T09:58:00,POWERGRID,BUY,70.52,55.71,-14.81,52.918402115319715,52.819290364959095,0.09911175036062048,0.017818122961082962,0.0028240729117936497,0.7776544295493935,70.52,0.015991931998271137,0.08225905463474524,0.5010642826734781,70.52,70.52,0.0,0.0,0.004005582061448581,0.012225845407943425,1.0,0
2026-08-12T11:36:00,POWERGRID,SELL,55.71,72.7,-16.99,67.66129833153325,67.8545412978216,-0.19324296628835214,-0.009210906562150279,-0.0015017669291250428,-0.5269607327703909,55.71,0.0017982377270275387,-0.05271212378847137,-0.11444921316165946,55.71,55.71,0.0,0.0,0.007332255586792589,0.012634160434583475,0.0,0
2026-08-12T12:21:00,POWERGRID,BUY,72.7,69.82,-2.88,67.32352509513532,67.31430386187843,0.009221233256894834,0.004220913341008888,0.0006727901388746609,0.2377144126734123,72.7,0.0112672137988594,0.08442720763723144,0.06379865378987415,72.7,72.7,0.0,0.0,0.0032393653536773744,0.010754075799180555,1.0,0
2026-08-12T15:06:00,POWERGRID,SELL,69.82,90.86,-21.04,92.94682824158501,93.6582119382225,-0.7113836966374834,-0.0129263954602984,-0.0021342876584739233,-1.016880377674653,69.82,-0.00753375977256576,-0.07375961793579203,-0.3458872025482481,69.82,69.82,0.0,0.0,0.006276825942940032,0.005551882838010039,0.0,0
2026-08-13T10:54:00,POWERGRID,BUY,90.86,290.44,199.58,67.30235056600668,67.01737602687162,0.28497453913506376,0.018768238693943,0.0029986101014153072,1.0395181013515042,90.86,0.014855355746677072,0.08321411540295666,0.6816583379603923,90.86,90.86,0.0,0.0,0.00379666605565323,0.011812915390763092,1.0,1
2026-08-14T12:50:00,POWERGRID,SELL,290.44,305.35,-14.91,297.6190501083417,297.7987275950327,-0.17967748669099137,-0.0012679485896434617,-0.0002076073644854472,-0.3160066955272214,290.44,-0.001340989581542435,-0.002918054172817545,-0.03575578500049793,290.44,290.44,0.0,0.0,0.00046795969680453735,0.0011778655560221037,0.0,0
2026-08-12T12:05:00,TATASTEEL,SELL,389.51,384.71,4.8,401.67010061317546,401.72664703453813,-0.0565464213626683,-0.0015908257983846853,-0.0002554838520308324,-0.5373443959804263,389.51,-0.004370942180870191,-0.02002666867939728,-0.03608107104852876,389.51,389.51,0.0,0.0,0.00026716287956931255,0.0017509106589989627,0.0,1
2026-08-12T14:44:00,TATASTEEL,BUY,384.71,466.89,82.18,372.546885994935,372.07183274222245,0.4750532527125415,0.0017213022969545994,0.000285518547232622,0.533960808803613,384.71,0.0010408264161743833,0.008916629514043631,0.04051605225434766,384.71,384.71,0.0,0.0,0.0006769856943448203,0.0012239425870476798,1.0,1
2026-08-13T15:08:00,TATASTEEL,SELL,466.89,490.56,-23.67,473.22613159534984,473.28320982300363,-0.05707822765378978,-0.0007041998550686744,-0.00011350150052499619,-0.27975615798743547,466.89,-0.00074907970208035,0.0030722296223091284,-0.008852375493567733,466.89,466.89,0.0,0.0,0.0011265159750666173,0.0010468219467631961,0.0,0
2026-08-14T09:38:00,TATASTEEL,BUY,490.56,456.41,-34.15,471.90090723221675,471.2511640922792,0.6497431399375273,0.0020854071029045426,0.0003444341897339057,0.8197983888188674,490.56,0.0033543319970547048,0.018668106401976886,0.06356777382707482,490.56,490.56,0.0,0.0,0.0004554336537634069,0.001002473329636164,1.0,0
2026-08-14T11:29:00,TATASTEEL,SELL,456.41,485.87,-29.46,482.4563122652835,483.1116015431498,-0.6552892778663022,-0.0028333641080877238,-0.00046423856970063867,-1.1464753340331981,456.41,-0.0068976021584924475,-0.033521090970692835,-0.07369296963792824,456.41,456.41,0.0,0.0,0.0004857063350377078,0.0019490353904166103,0.0,0
2026-08-11T11:59:00,TECHM,SELL,256.47,275.29,-18.82,264.67520896684925,264.86673518364927,-0.19152621680001403,-0.001628976233774219,-0.00026633018805706575,-0.3612923036557163,256.47,0.001053864168618418,-0.0041160253174385335,-0.037455432538937745,256.47,256.47,0.0,0.0,0.001301039530985467,0.0023064462528123377,0.0,0
2026-08-11T12:21:00,TECHM,BUY,275.29,255.63,-19.66,264.5129018691231,264.5022806647717,0.010621204351366487,0.0021489864044080885,0.0003428484007817076,0.47656258744132174,275.29,0.00441476941039126,0.02731649065193862,0.0755196124394437,275.29,275.29,0.0,0.0,0.0007547120042493464,0.0023816889814410776,1.0,0
2026-08-11T13:12:00,TECHM,SELL,255.63,215.98,39.65,267.12386471669026,267.5111436787734,-0.38727896208314405,-0.002259526196017973,-0.0003730846229504681,-0.5050987047277999,255.63,-0.0013672943198687177,-0.00556290360227187,-0.0751781773452481,255.63,255.63,0.0,0.0,0.0012481396382849608,0.0023134579901427435,0.0,1
2026-08-12T11:09:00,TECHM,BUY,215.98,206.21,-9.77,208.98127410315982,208.7549375552348,0.22633654792502966,0.0017657295357294193,0.00029092712611629776,0.3076391841102861,215.98,0.006243011554230356,0.028819130186252477,0.047175757575757524,215.98,215.98,0.0,0.0,0.0011698954229698102,0.00277107748914179,1.0,0
2026-08-12T11:40:00,TECHM,SELL,206.21,212.52,-6.31,209.25020910607867,209.2519321226305,-0.0017230165518355989,-0.0007641031344973511,-0.0001221462196096715,-0.13444855077108286,206.21,0.0015055852355512496,0.0021383097633279765,-0.03405471238523507,206.21,206.21,0.0,0.0,0.0012176822495390044,0.001884349719957935,0.0,0
2026-08-12T11:49:00,TECHM,BUY,212.52,195.64,-16.88,209.2808310169205,209.24250155821107,0.038329458709426945,0.0008152756634454593,0.0001316445237527919,0.1429405743442942,212.52,0.004680187207488342,0.022369750324722208,0.02300953114470011,212.52,212.52,0.0,0.0,0.0009015808328519489,0.002506502678325356,1.0,0
2026-08-12T12:11:00,TECHM,SELL,195.64,223.94,-28.3,209.5868357872851,209.62871000233864,-0.04187421505352518,-0.003490114674234654,-0.0005604494862877566,-0.6164918039108613,195.64,-0.0075584639577943955,-0.0519939913747154,-0.08936883261962399,195.64,195.64,0.0,0.0,0.0018415113712880844,0.006434538947686445,0.0,0
2026-08-12T12:43:00,TECHM,BUY,223.94,251.75,27.81,208.87887289273098,208.35794109116623,0.5209318015647568,0.0038094355559452815,0.0006288409854040824,0.6617492288797564,223.94,0.004350361035116827,0.021018556513016845,0.18136737708377293,223.94,223.94,0.0,0.0,0.00044302395086662466,0.0035736902580376863,1.0,1
2026-08-13T12:21:00,TECHM,SELL,251.75,232.46,19.29,274.29378034735663,274.7596933998097,-0.465913052453061,-0.004307076681047764,-0.0007032428501560804,-0.993155987058401,251.75,-0.006079987366259987,-0.04117154174283974,-0.10399686799302425,251.75,251.75,0.0,0.0,0.0014709070295694756,0.002938406503946796,0.0,1
2026-08-14T09:39:00,TECHM,BUY,232.46,251.11,18.65,214.85676597537963,214.35574816255922,0.5010178128204075,0.004330784783753152,0.0007102427869048464,0.7743494312332757,232.46,0.008984764963757202,0.042982770997846434,0.09738941604116506,232.46,232.46,0.0,0.0,0.0014235148291663977,0.0032393983583419825,1.0,1
2026-08-11T13:34:00,ADANIENT,SELL,262.58,276.57,-13.99,275.62241620561684,275.7977252851688,-0.17530907955193697,-0.002484332063285034,-0.0004025725974849196,-0.5753696364662346,262.58,-0.002469323405387053,0.004053227286632007,-0.04419044845661052,262.58,262.58,0.0,0.0,0.0016945259079785024,0.002999065365319751,0.0,0
2026-08-12T10:46:00,ADANIENT,BUY,276.57,327.08,50.51,253.31042002547096,253.14688733362593,0.1635326918450346,0.004856228806762228,0.0007781491882820241,1.027355540162688,276.57,0.009526938239159052,0.05071803054479129,0.1522309711286089,276.57,276.57,0.0,0.0,0.0009712207403427964,0.003115347965134871,1.0,1
2026-08-13T12:17:00,ADANIENT,SELL,327.08,341.99,-14.91,350.4802532891115,351.3474799896377,-0.8672267005262029,-0.0035017082702663536,-0.0005800813150101567,-1.0276638751000746,327.08,-0.006107751678872014,-0.023000179222175725,-0.0851165002377556,327.08,327.08,0.0,0.0,0.0010722965547102653,0.001189128693236449,0.0,0
2026-08-13T14:00:00,ADANIENT,BUY,341.99,326.72,-15.27,334.23051914134334,333.9780310682265,0.2524880731168082,0.001223387242229709,0.00020163315907314924,0.3410662593881284,341.99,0.001464171718059094,0.002521033037258563,0.020530572050968324,341.99,341.99,0.0,0.0,0.0005223061882104465,0.0011280986103665018,1.0,0
2026-08-13T15:18:00,ADANIENT,SELL,326.72,330.85,-4.13,341.1617703762131,341.49933977546954,-0.3375693992564379,-0.0022230025591082774,-0.00036354676862895645,-0.6358970451284449,326.72,-0.0002753893699702426,-0.01086857800248244,-0.059960870065600115,326.72,326.72,0.0,0.0,0.0015773578023714784,0.0017770572203425596,0.0,0
2026-08-14T11:55:00,ADANIENT,BUY,330.85,296.52,-34.33,321.7700943174405,321.4662390256889,0.3038552917516313,0.0014873992148162552,0.0002453585242927889,0.3990346385284056,330.85,-6.044670112123133e-05,0.005042680518849373,0.03277665053847354,330.85,330.85,0.0,0.0,0.001061574143484643,0.0015483743542160497,1.0,0
2026-08-14T12:53:00,ADANIENT,SELL,296.52,312.72,-16.2,324.2891595962221,325.1291803024786,-0.8400207062564959,-0.004486666463377147,-0.0007388928916368634,-1.2211214357378708,296.52,-0.006200355263598963,-0.03379060901300142,-0.1359636342444199,296.52,296.52,0.0,0.0,0.00138229524559643,0.003506945117965309,0.0,0
2026-08-12T12:49:00,ADANIPORTS,SELL,180.89,186.13,-5.24,205.82345925756977,206.89713297271007,-1.073673715140302,-0.006335397684702134,-0.0010551945443217027,-1.0937399934406642,180.89,-0.007788930941802511,-0.02898706318106182,-0.1320890509548028,180.89,180.89,0.0,0.0,0.001018298512811586,0.002055726434516052,0.0,0
2026-08-13T09:31:00,ADANIPORTS,BUY,186.13,324.26,138.13,163.62467817814453,163.5153259559382,0.10935222220632568,0.007291857021496058,0.0011635631049317602,0.9944513445217069,186.13,0.002855603448275868,0.02336705520123158,0.22252873563218387,186.13,186.13,0.0,0.0,0.001017739303285626,0.004265237287431297,1.0,1
2026-08-11T12:18:00,APOLLOHOSP,BUY,304.31,288.7,-15.61,301.35456340714495,301.29509718444496,0.0594662226999958,0.0005164336105780365,8.409512332316235e-05,0.13021397658309297,304.31,0.0005260562222588361,-0.0006896098778404688,-0.009858788312617859,304.31,304.31,0.0,0.0,0.0004059126855290343,0.0007701324827052608,1.0,0
2026-08-11T13:53:00,APOLLOHOSP,SELL,288.7,155.31,133.39,304.41600684074297,304.508540780272,-0.09253393952906208,-0.0027098338287676704,-0.0004360697093678834,-0.6943133742694272,288.7,-0.005819759633596191,-0.028861679224973038,-0.07678040356880174,288.7,288.7,0.0,0.0,0.0007736016357083027,0.0023338374913497825,0.0,1
2026-08-13T11:11:00,APOLLOHOSP,BUY,155.31,127.92,-27.39,126.84622701367425,126.67257601745295,0.17365099622129776,0.011951460870345971,0.0019034007506316215,1.2574426933676932,155.31,0.0178255455796579,0.09027729027729038,0.30468749999999994,155.31,155.31,0.0,0.0,0.0007834875888488068,0.004188856849066929,1.0,0
2026-08-13T13:13:00,APOLLOHOSP,SELL,127.92,152.42,-24.5,158.9483027215784,159.0587828447104,-0.11048012313202094,-0.010169726109676626,-0.001642415889935278,-1.3713981202204195,127.92,-0.009063444108761342,-0.05865037898300085,-0.24894316580554246,127.92,127.92,0.0,0.0,0.0021312116900321846,0.0032223165320772185,0.0,0
2026-08-13T15:20:00,APOLLOHOSP,BUY,152.42,207.09,54.67,134.0556650502328,133.74157647246633,0.31408857776645505,0.007262381302813898,0.0011749971531540262,0.8095824024763942,152.42,0.011950604169432897,0.06998946998946999,0.13197177868548074,152.42,152.42,0.0,0.0,0.001369363783622132,0.005609451270895924,1.0,1
2026-08-12T10:19:00,BPCL,BUY,109.28,87.17,-22.11,98.1351937810104,97.7480474458417,0.3871463351686941,0.0060130908884834045,0.0009923812875228951,0.4896615840472123,109.28,0.0008242513050645976,0.02813058613227956,0.17077351617741587,109.28,109.28,0.0,0.0,0.003522288586940894,0.0038096420226079813,1.0,0
2026-08-12T10:48:00,BPCL,SELL,87.17,88.2,-1.03,98.54734460803488,98.55759276137309,-0.010248153338210386,-0.00603964548847667,-0.0009700037363642566,-0.5031135541309482,87.17,-0.01879783881134626,-0.062385715822308244,-0.2106311690663769,87.17,87.17,0.0,0.0,0.004363941940811947,0.003168443743541912,0.0,0
2026-08-12T13:42:00,BPCL,BUY,88.2,249.77,161.57,83.67564343759727,83.61863783336852,0.05700560422874901,0.002853920290172487,0.00046062189176609205,0.19962518786374517,88.2,0.007654518450816882,0.01030927835051553,0.06792589901925171,88.2,88.2,0.0,0.0,0.004060066922735,0.005018019361862687,1.0,1
2026-08-14T09:58:00,BPCL,SELL,249.77,260.97,-11.2,267.10575361873424,267.11640745245194,-0.010653833717697125,-0.0034042770810600795,-0.0005454124944351626,-0.7666399553440328,249.77,-0.001997842330283294,-0.012493575297513132,-0.08233521934014254,249.77,249.77,0.0,0.0,0.0008285812827214287,0.0026006629481480355,0.0,0
2026-08-11T12:41:00,CIPLA,BUY,79.3,65.02,-14.28,69.18907805177017,69.1695028687163,0.019575183053873957,0.007750912124970515,0.0012322646170168875,0.4470235587549638,79.3,0.012642063593410737,0.061011506556061045,0.27062970677776,79.3,79.3,0.0,0.0,0.002672873912876382,0.00810937724354757,1.0,0
2026-08-11T14:42:00,CIPLA,SELL,65.02,71.42,-6.4,82.23812145227613,82.50795578589792,-0.26983433362178744,-0.010899322025983243,-0.0017779658293195584,-0.7592593068946485,65.02,-0.02868240215118019,-0.07233556855471547,-0.3152185360716167,65.02,65.02,0.0,0.0,0.008383175354876862,0.007520938122306947,0.0,0
2026-08-12T11:19:00,CIPLA,BUY,71.42,286.83,215.41,49.345685864623505,49.217560247526755,0.12812561709674952,0.024111923127839986,0.003805249343862891,0.9752308831547154,71.42,0.008472182999152903,0.11038557213930363,1.0605885747259092,71.42,71.42,0.0,0.0,0.011229056084838653,0.014449312776050056,1.0,1
2026-08-14T10:44:00,CIPLA,SELL,286.83,278.49,8.34,295.58951437872366,295.6334878327823,-0.04397345405863007,-0.001557257994882723,-0.0002501759261309729,-0.3870481832133237,286.83,-0.00020913939140437894,0.009289559801541175,-0.029044378998679937,286.83,286.83,0.0,0.0,0.0015484789920118972,0.0027468846141950366,0.0,1
2026-08-11T11:27:00,COALINDIA,SELL,117.51,98.74,18.77,122.76467136184176,122.7859103173193,-0.02123895547754273,-0.0022477152077565615,-0.0003609484013144107,-0.23222626980543737,117.51,-0.007600709399543886,-0.03379378391711889,-0.03656636877920795,117.51,117.51,0.0,0.0,0.0010063859331369692,0.004381457548040785,0.0,1
2026-08-12T10:22:00,COALINDIA,BUY,98.74,86.1,-12.64,94.18234099801116,93.9852203228061,0.19712067520505627,0.0025534436593672833,0.00042531288921449865,0.19992065783723945,98.74,0.015008223684210462,0.03230527966544683,0.030904155356024157,98.74,98.74,0.0,0.0,0.004978929615078718,0.006963202940436542,1.0,0
2026-08-12T10:41:00,COALINDIA,SELL,86.1,107.92,-21.82,94.01187371192388,94.14956307202073,-0.13768936009684296,-0.0044098480888607175,-0.000717951526074378,-0.34877101873090055,86.1,-0.015324794144556307,-0.05207530551579879,-0.11492598684210534,86.1,86.1,0.0,0.0,0.004810399876840478,0.009957344581177604,0.0,0
2026-08-12T11:28:00,COALINDIA,BUY,107.92,135.13,27.21,92.5403543380291,91.9268697612394,0.6134845767897019,0.008824235246677076,0.0014641293234225552,0.675058982414015,107.92,0.012572715331206637,0.09652509652509653,0.25971752071903814,107.92,107.92,0.0,0.0,0.003474636000966802,0.007294162985057552,1.0,1
2026-08-13T09:52:00,COALINDIA,SELL,135.13,156.89,-21.76,144.2668449115878,144.31765436043804,-0.050809448850230865,-0.003322239107705762,-0.0005346947853687906,-0.40367939479463644,135.13,-0.004933726067746803,-0.0269316627061281,-0.0745788248185181,135.13,135.13,0.0,0.0,0.0008334166584797606,0.002484855274491372,0.0,0
2026-08-13T10:15:00,COALINDIA,BUY,156.89,136.67,-20.22,144.13687593468083,143.8860824722108,0.2507934624700283,0.004678590411921161,0.0007600434383784497,0.5619404381888273,156.89,0.0075781902254189095,0.05203513712867962,0.16820551005212192,156.89,156.89,0.0,0.0,0.0031906481759802715,0.0060649098546981355,1.0,0
2026-08-13T11:02:00,COALINDIA,SELL,136.67,152.86,-16.19,145.19096192563094,145.4363077145319,-0.2453457889009485,-0.003079328648790574,-0.0005062639300495866,-0.3748052289137149,136.67,-0.0028454691376040768,-0.016621096560656228,-0.10848010437051547,136.67,136.67,0.0,0.0,0.0008181067016520805,0.0034609156209237,0.0,0
2026-08-13T12:23:00,COALINDIA,BUY,152.86,149.35,-3.51,135.46458390224092,134.87794946231915,0.5866344399217667,0.006804569137190323,0.0011216003330515995,0.764438547287682,152.86,0.008710571466279673,0.014871862966405584,0.20590091511517836,152.86,152.86,0.0,0.0,0.004820214549641283,0.007912451548186036,1.0,0
2026-08-13T15:04:00,COALINDIA,SELL,149.35,121.08,28.27,168.33192964199927,168.6921487627618,-0.3602191207625367,-0.005899977292756229,-0.000962597291932227,-0.8365098632930028,149.35,-0.009155443508259772,-0.05114358322744607,-0.11908694113483542,149.35,149.35,0.0,0.0,0.0008675376034062592,0.005162494256157102,0.0,1
2026-08-11T14:09:00,DIVISLAB,BUY,196.82,174.04,-22.78,187.133290338854,187.10431385361838,0.028976485235631344,0.0027318474036948023,0.00043654826255028824,0.42818240287269305,196.82,0.004850155715525545,0.006597453076254242,0.06068118128907087,196.82,196.82,0.0,0.0,0.0021805189808853163,0.003580386947272581,1.0,0
2026-08-11T14:44:00,DIVISLAB,SELL,174.04,199.58,-25.54,188.2873626264649,188.42618175047014,-0.13881912400523788,-0.003966738273680777,-0.0006411782534240645,-0.628968907249174,174.04,-0.0039489498082756124,-0.03839991159732591,-0.13576323368755588,174.04,174.04,0.0,0.0,0.0020829933438156305,0.0025447013115418833,0.0,0
2026-08-12T09:24:00,DIVISLAB,BUY,199.58,173.71,-25.87,185.26624604706834,184.69410270128844,0.5721433457798923,0.004082942220761495,0.0006777496025725012,0.6282638972681696,199.58,0.0071659265240210735,0.03286239196812101,0.10015985888319286,199.58,199.58,0.0,0.0,0.0018915177777297882,0.0020455428191000287,1.0,0
2026-08-12T10:47:00,DIVISLAB,SELL,173.71,142.11,31.6,189.16856113297493,189.44222024891815,-0.273659115943218,-0.004282551790714981,-0.0006973700822462337,-0.6814049491793526,173.71,-0.0068606712023325635,-0.04112386840362105,-0.11920697698002226,173.71,173.71,0.0,0.0,0.0009573300540845726,0.002233351273626625,0.0,1
2026-08-12T14:54:00,DIVISLAB,BUY,142.11,186.79,44.68,125.79154319219106,125.14442676168215,0.6471164305089019,0.0068746317464574115,0.0011405257775470151,0.7162983054406169,142.11,0.011387089886840956,0.04515701993086721,0.21700779309754234,142.11,142.11,0.0,0.0,0.003516167310270171,0.005086635121082701,1.0,1
2026-08-13T13:17:00,DIVISLAB,SELL,186.79,61.09,125.7,200.06374323600534,200.60125184242673,-0.5375086064213974,-0.003479825902253001,-0.000578230837407616,-0.5825571252005943,186.79,-0.00410535295372153,-0.01502847500527312,-0.07272637013502783,186.79,186.79,0.0,0.0,0.0013257667641787467,0.0026107158740631864,0.0,1
2026-08-14T13:27:00,DIVISLAB,BUY,61.09,42.99,-18.1,56.59991360336386,56.505247195301045,0.0946664080628139,0.0041927833725371125,0.0006823016209945477,0.1977930021717853,61.09,0.0016396130513199117,-0.04962663347853139,0.10730469458038792,61.09,61.09,0.0,0.0,0.007089358095251026,0.01802536661045736,1.0,0
2026-08-14T14:40:00,DIVISLAB,SELL,42.99,70.71,-27.72,58.442119572427316,58.85301964458194,-0.4109000721546252,-0.013724818359666335,-0.0022598914599497246,-0.6799667650914571,42.99,-0.03760913364674277,-0.16686046511627906,-0.3665831737144541,42.99,42.99,0.0,0.0,0.006634293277540518,0.0121054961306166,0.0,0
2026-08-12T09:58:00,DRREDDY,SELL,221.64,269.13,-47.49,251.80970113589223,253.00170819435263,-1.1920070584604048,-0.006266354265324196,-0.0010405839897058968,-1.3243352408130704,221.64,-0.007744997090030076,-0.03972964776222874,-0.1678618359301672,221.64,221.64,0.0,0.0,0.0006205397641540892,0.0010703400495944832,0.0,0
2026-08-12T11:06:00,DRREDDY,BUY,269.13,256.9,-12.23,245.3307512629605,244.8728984893845,0.4578527735759792,0.005131930045576682,0.0008331302348327843,1.048750849626714,269.13,0.00967923466516595,0.04614009173598696,0.1272460732984293,269.13,269.13,0.0,0.0,0.0007296003624701761,0.0029428566010623065,1.0,0
2026-08-12T12:59:00,DRREDDY,SELL,256.9,281.18,-24.28,275.7939490239065,275.9104339446868,-0.11648492078029449,-0.0035927028980421633,-0.0005786627971790449,-0.8346668239256587,256.9,-0.002330097087378729,-0.01942822245123872,-0.05835349314566387,256.9,256.9,0.0,0.0,0.001195712275602183,0.0021048035105210444,0.0,0
2026-08-12T13:36:00,DRREDDY,BUY,281.18,258.69,-22.49,274.6290514208026,274.6239346085643,0.005116812238327384,0.0012570417328233486,0.00020065272576873355,0.2896937808435496,281.18,0.003103706610538349,0.006370794559771044,0.04198628867889562,281.18,281.18,0.0,0.0,0.00164035790057632,0.0017181091001914374,1.0,0
2026-08-12T14:25:00,DRREDDY,SELL,258.69,243.42,15.27,276.2290506751656,276.90452420202683,-0.6754735268612535,-0.003330690025712779,-0.0005524599777538417,-0.770044701683446,258.69,-0.008280621046578588,-0.03581811405143501,-0.08972870262852317,258.69,258.69,0.0,0.0,0.0011368480994106704,0.0022564609845730377,0.0,1
2026-08-13T12:13:00,DRREDDY,BUY,243.42,229.06,-14.36,212.29343894327536,212.0496725420511,0.24376640122426352,0.00777687929976389,0.0012447287686223377,1.374623858491475,243.42,0.00857675574891234,0.04315406042425538,0.1849868561970597,243.42,243.42,0.0,0.0,0.00028448197568720025,0.0021611513450152204,1.0,0
2026-08-13T14:42:00,DRREDDY,SELL,229.06,246.52,-17.46,240.90905154203014,241.13957572770042,-0.23052418567027644,-0.002581987152310741,-0.0004207784085634908,-0.522125251957192,229.06,-0.0031334319784141304,-0.011905788974204084,-0.05713344858812874,229.06,229.06,0.0,0.0,0.0010104269502383713,0.0016062602892492714,0.0,0
2026-08-14T09:53:00,DRREDDY,BUY,246.52,227.98,-18.54,234.18860555163366,233.96043165412217,0.22817389751148198,0.002779061035929587,0.00045131659023565245,0.5434781692985382,246.52,-0.0007701349762879401,-0.009562073121735619,0.09847607165136808,246.52,246.52,0.0,0.0,0.00224979823738974,0.004506355524461929,1.0,0
2026-08-11T12:14:00,EICHERMOT,SELL,280.98,121.18,159.8,288.98778041604436,289.0395654876123,-0.05178507156796286,-0.0014562842687973496,-0.00023426403528691497,-0.3537346860878756,280.98,-0.0014215651432226075,-0.0020599516976842736,-0.029094678645473254,280.98,280.98,0.0,0.0,0.0007272547369120131,0.0012546571751305602,0.0,1
2026-08-12T13:09:00,EICHERMOT,BUY,121.18,94.44,-26.74,109.03301980739771,108.71531750837855,0.31770229901916025,0.0058980800280119,0.0009644110036963143,0.5345695159570312,121.18,-0.004763469119579486,-0.011098416843479675,0.12967278829122786,121.18,121.18,0.0,0.0,0.0021107034594549734,0.006360365730466431,1.0,0
2026-08-12T14:25:00,EICHERMOT,SELL,94.44,97.3,-2.86,110.61220035547538,111.30255928532289,-0.6903589298475055,-0.007636306429294228,-0.0012715071822140321,-0.7094662608936062,94.44,-0.025085165685970957,-0.10838368580060427,-0.20223010643689812,94.44,94.44,0.0,0.0,0.0030729277326207766,0.00795219519816687,0.0,0
2026-08-13T10:48:00,EICHERMOT,BUY,97.3,76.5,-20.8,90.26598693293364,90.01406216195434,0.25192477097930066,0.004118227036761473,0.0006806496743187547,0.3089848456691868,97.3,0.005165289256198347,0.02550590219224285,0.11749167336625709,97.3,97.3,0.0,0.0,0.0036532688024594876,0.004066416131853805,1.0,0
2026-08-13T12:18:00,EICHERMOT,SELL,76.5,71.42,5.08,93.30232303757012,93.9198294222346,-0.6175063846644804,-0.009389151612478993,-0.001556192325860548,-0.7379476702558208,76.5,-0.030663963507349234,-0.1437206178643385,-0.20179465776293826,76.5,76.5,0.0,0.0,0.00169158151636122,0.014231292369287041,0.0,1
2026-08-13T15:16:00,EICHERMOT,BUY,71.42,89.25,17.83,52.695720927647244,52.13418170754634,0.5615392201009044,0.01905789866972549,0.0031183202144945154,0.8234226722925158,71.42,0.011901388495324502,0.08277744087325664,0.6103720405862457,71.42,71.42,0.0,0.0,0.004971192304875538,0.013385128274037622,1.0,1
2026-08-11T11:28:00,GRASIM,BUY,164.11,124.79,-39.32,146.73614501604345,146.460173884324,0.27597113171944443,0.006270762321919585,0.0010137105122925481,0.7660955536899507,164.11,0.009845547966279138,0.0675904241478013,0.16970776906628654,164.11,164.11,0.0,0.0,0.0018994220270594233,0.004621799934468997,1.0,0
2026-08-11T12:28:00,GRASIM,SELL,124.79,126.24,-1.45,152.3899352841417,153.27393575267087,-0.884000468529166,-0.009442303483558756,-0.0015592187127251563,-1.2132673682052655,124.79,-0.007949757532395262,-0.0699113065513899,-0.25369296094731175,124.79,124.79,0.0,0.0,0.00392283071070357,0.003054124102313466,0.0,0
2026-08-12T12:06:00,GRASIM,BUY,126.24,106.2,-20.04,99.69984490148153,99.29254631480285,0.407298586678678,0.014209641054741451,0.0022858394264596493,1.170401077711162,126.24,0.015035780332877625,0.09072058061171592,0.3927625772285966,126.24,126.24,0.0,0.0,0.0018628079477439653,0.005547072316424987,1.0,0
2026-08-12T14:31:00,GRASIM,SELL,106.2,64.39,41.81,127.6112983230958,128.01176079599048,-0.40046247289468795,-0.008753504098759335,-0.0014297908022025793,-0.9436183305283663,106.2,-0.01236864130940201,-0.06972669936930619,-0.2142064372918979,106.2,106.2,0.0,0.0,0.0017660458281505713,0.0033494576043123945,0.0,1
2026-08-14T12:13:00,GRASIM,BUY,64.39,34.22,-30.17,42.2799050856609,41.712818568619845,0.5670865170410551,0.028302439344716084,0.0045894558074172954,0.9731246561743205,64.39,0.04325988334413483,0.24233069650781405,0.9371239470517447,64.39,64.39,0.0,0.0,0.0030754406416299515,0.010128853206412198,1.0,0
2026-08-14T13:03:00,GRASIM,SELL,34.22,50.67,-16.45,45.14388017236278,45.54364422490864,-0.3997640525458621,-0.012575588044140086,-0.0020849950543034004,-0.4797843875444059,34.22,0.010632014176018884,-0.03578472809242048,-0.32157018239492463,34.22,34.22,0.0,0.0,0.01725638846077428,0.012164289243401464,0.0,0
2026-08-11T11:24:00,HDFCLIFE,BUY,73.48,46.17,-27.31,45.65081681363972,45.00511531536805,0.64570149827167,0.03314827719061067,0.0053452542307731235,1.2254091066646993,73.48,0.04806732277849101,0.25136239782016356,1.2212817412333739,73.48,73.48,0.0,0.0,0.00381309797761483,0.014872544541181787,1.0,0
2026-08-11T12:48:00,HDFCLIFE,SELL,46.17,62.86,-16.69,59.704683413712665,60.020382739783265,-0.31569932607060025,-0.011790577882290926,-0.0019354176498551697,-0.5959619876939115,46.17,-0.023890063424947053,-0.0562142273098937,-0.2694620253164557,46.17,46.17,0.0,0.0,0.0068351550839689905,0.012857144615144834,0.0,0
2026-08-11T13:50:00,HDFCLIFE,BUY,62.86,37.52,-25.34,56.305925442434805,56.27170152743472,0.03422391500008359,0.006164140237788322,0.0009848356367676899,0.2895874397927898,62.86,0.013380622279542129,0.06146572104018914,0.058249158249158266,62.86,62.86,0.0,0.0,0.001759087766302196,0.00913181370019863,1.0,0
2026-08-11T14:59:00,HDFCLIFE,SELL,37.52,63.59,-26.07,60.50220482485732,61.10721455964723,-0.6050097347899097,-0.01960062474921888,-0.0032331866613500193,-1.0113778405682226,37.52,-0.06340489266100846,-0.23832724319935028,-0.4745833916818372,37.52,37.52,0.0,0.0,0.007808387264318326,0.01603990555640395,0.0,0
2026-08-12T10:06:00,HDFCLIFE,BUY,63.59,57.74,-5.85,52.86919277569149,52.7275745336018,0.14161824208968454,0.010787757606697318,0.0017341814924098941,0.47297212553345247,63.59,0.006330115524608414,0.03854319777886668,0.4305961754780652,63.59,63.59,0.0,0.0,0.005476965938248337,0.016825775384251396,1.0,0
2026-08-12T12:16:00,HDFCLIFE,SELL,57.74,44.2,13.54,63.24402884315983,63.329755319907505,-0.08572647674767353,-0.004559559133918141,-0.000741166911314029,-0.24271299480661668,57.74,0.01744493392070488,0.028683413504364857,-0.16584802080323602,57.74,57.74,0.0,0.0,0.006954431158459341,0.01093275617509989,0.0,1
2026-08-13T09:23:00,HDFCLIFE,BUY,44.2,31.85,-12.35,41.12935821506785,41.06870208473864,0.06065613032921391,0.003944877209901491,0.0006411280805151711,0.13529929766340842,44.2,-0.010743061772605122,0.0006791940230926225,0.05615292712066909,44.2,44.2,0.0,0.0,0.00887190367018578,0.013438725740548635,1.0,0
2026-08-13T11:37:00,HDFCLIFE,SELL,31.85,55.54,-23.69,46.09655867340026,46.58585346206306,-0.4892947886628036,-0.01600590945867522,-0.002651071262409396,-0.6259881761855084,31.85,-0.04726293748130417,-0.23326913818006736,-0.3943715535272866,31.85,31.85,0.0,0.0,0.007337174399917159,0.018497724731623748,0.0,0
2026-08-13T12:52:00,HDFCLIFE,BUY,55.54,37.07,-18.47,42.921580453384514,42.44964835937622,0.47193209400829517,0.015716217985224462,0.0025981076107868314,0.5541243895954864,55.54,0.029471733086190846,0.15156541571635918,0.40750126710593,55.54,55.54,0.0,0.0,0.003636008767324347,0.012235477256321625,1.0,0
2026-08-13T14:54:00,HDFCLIFE,SELL,37.07,64.69,-27.62,59.907212770792135,60.43487613222471,-0.5276633614325732,-0.019669037242250196,-0.0032383233936317435,-1.005615069974347,37.07,-0.06624685138539049,-0.2843629343629343,-0.47156094084105493,37.07,37.07,0.0,0.0,0.00886005426665557,0.02215569129864828,0.0,0
2026-08-14T10:05:00,HDFCLIFE,BUY,64.69,44.1,-20.59,49.911877652304796,49.73760728664255,0.1742703656622453,0.01583006918016691,0.0025326628239814523,0.6521455541008194,64.69,-0.005992624462200378,0.014745098039215651,0.5369446424328818,64.69,64.69,0.0,0.0,0.007234988889349716,0.013935949444418328,1.0,0
2026-08-14T10:42:00,HDFCLIFE,SELL,44.1,62.69,-18.59,50.34686441353366,50.521375209981876,-0.17451079644821732,-0.006487975164270429,-0.001066945671877629,-0.27482120133606713,44.1,-0.006085192697768673,-0.06429026098026737,-0.14202334630350189,44.1,44.1,0.0,0.0,0.006225362339648823,0.009600279647051803,0.0,0
